,15,20,30,40,50,60,70,80,90,100
iteration1.tre,1,1,2,4,5,2,12,10,15,14
iteration2.tre,2,2,4,4,7,2,9,5,7,14
iteration3.tre,1,2,2,3,2,6,2,5,7,15
iteration4.tre,1,2,2,2,3,7,11,8,14,13
iteration5.tre,2,3,4,3,6,7,2,6,6,19
iteration6.tre,1,2,4,5,7,2,2,5,6,13
iteration7.tre,2,2,2,5,2,2,6,12,6,8
iteration8.tre,7,2,3,8,3,7,13,5,6,16
iteration9.tre,1,2,3,2,4,4,13,11,12,14
iteration10.tre,2,3,4,2,7,2,7,9,12,14
iteration11.tre,2,2,3,2,8,5,9,11,12,14
iteration12.tre,2,2,1,3,2,7,12,12,15,13
iteration13.tre,2,2,2,2,8,8,3,7,18,15
iteration14.tre,2,2,2,7,2,13,6,10,12,14
iteration15.tre,2,3,3,3,1,8,7,8,7,17
iteration16.tre,2,2,2,3,6,6,7,7,14,13
iteration17.tre,2,2,2,3,8,6,4,10,5,19
iteration18.tre,2,2,6,7,3,6,6,6,14,14
iteration19.tre,1,3,4,4,3,5,11,9,12,8
iteration20.tre,2,2,3,4,4,7,14,5,6,15
iteration21.tre,2,1,5,3,2,10,13,19,12,15
iteration22.tre,6,5,4,7,5,7,6,7,12,15
iteration23.tre,2,2,5,4,6,7,2,6,14,14
iteration24.tre,1,2,7,2,3,2,14,9,15,14
iteration25.tre,3,3,5,4,2,5,5,9,7,14
iteration26.tre,1,2,2,2,11,4,6,12,9,14
iteration27.tre,2,2,3,1,2,7,7,16,6,21
iteration28.tre,2,1,2,6,5,4,2,5,8,12
iteration29.tre,2,2,5,4,5,4,11,2,6,7
iteration30.tre,2,2,5,4,4,7,7,6,14,8
iteration31.tre,2,4,4,6,5,2,11,8,9,15
iteration32.tre,1,3,3,4,5,6,7,7,6,18
iteration33.tre,2,2,2,6,3,5,11,2,6,14
iteration34.tre,2,1,2,2,5,14,6,6,6,15
iteration35.tre,2,2,4,4,4,2,5,7,7,14
iteration36.tre,2,2,2,2,2,12,5,6,5,15
iteration37.tre,1,2,2,4,5,6,5,7,6,13
iteration38.tre,2,2,2,7,2,10,6,8,7,16
iteration39.tre,4,4,3,2,7,9,2,7,6,8
iteration40.tre,2,3,2,2,1,1,6,10,14,10
iteration41.tre,1,2,4,4,7,6,2,6,6,8
iteration42.tre,1,2,5,5,10,2,6,7,5,16
iteration43.tre,1,2,4,4,3,8,7,11,5,14
iteration44.tre,1,2,6,5,7,3,2,7,7,14
iteration45.tre,3,2,4,6,3,10,3,11,6,12
iteration46.tre,3,1,1,2,2,3,5,5,5,13
iteration47.tre,2,2,2,4,7,4,10,12,9,16
iteration48.tre,3,2,2,5,2,5,2,13,7,20
iteration49.tre,2,2,4,4,4,8,8,8,8,14
iteration50.tre,2,2,1,4,3,9,8,10,6,15
iteration51.tre,1,2,5,5,3,4,15,10,12,16
iteration52.tre,2,2,1,3,2,3,10,10,6,15
iteration53.tre,2,2,2,7,4,7,5,5,6,13
iteration54.tre,2,1,2,4,4,7,5,5,14,17
iteration55.tre,1,2,4,4,3,2,12,5,8,13
iteration56.tre,2,2,6,5,4,5,6,6,14,14
iteration57.tre,2,2,6,5,4,6,6,2,10,15
iteration58.tre,2,1,6,2,2,6,6,10,5,15
iteration59.tre,1,2,5,6,7,7,9,12,15,16
iteration60.tre,2,2,2,5,2,2,2,2,9,15
iteration61.tre,2,4,5,7,3,11,4,2,8,14
iteration62.tre,1,2,2,3,4,3,8,5,7,12
iteration63.tre,2,2,2,5,4,3,8,12,14,13
iteration64.tre,2,1,4,10,2,2,6,7,10,8
iteration65.tre,3,2,3,5,8,5,2,5,5,15
iteration66.tre,2,1,3,3,3,3,2,5,9,14
iteration67.tre,1,5,3,5,10,6,4,6,13,14
iteration68.tre,2,1,2,5,6,7,7,7,6,15
iteration69.tre,2,3,2,2,5,3,5,10,8,16
iteration70.tre,2,2,2,6,4,6,8,6,15,14
iteration71.tre,1,1,2,2,10,2,5,12,13,15
iteration72.tre,2,2,5,2,4,6,5,8,9,17
iteration73.tre,4,4,2,4,5,5,5,10,15,15
iteration74.tre,2,2,1,2,2,3,9,5,7,8
iteration75.tre,2,2,1,7,2,6,11,8,6,15
iteration76.tre,2,3,5,3,2,3,7,5,13,14
iteration77.tre,3,2,3,7,5,8,5,6,5,13
iteration78.tre,2,2,5,6,2,17,5,5,6,16
iteration79.tre,2,2,2,4,3,4,8,3,13,15
iteration80.tre,1,2,2,2,4,4,5,10,13,15
iteration81.tre,2,2,2,5,6,8,7,8,12,14
iteration82.tre,2,2,4,1,5,5,8,13,7,20
iteration83.tre,2,5,2,3,9,6,9,14,8,16
iteration84.tre,3,2,1,2,4,5,7,16,5,14
iteration85.tre,2,3,3,3,4,5,6,8,5,15
iteration86.tre,3,2,4,2,12,6,6,11,11,14
iteration87.tre,2,4,5,6,4,2,12,6,7,14
iteration88.tre,2,2,4,6,3,7,9,8,8,13
iteration89.tre,2,2,2,3,6,2,12,7,6,10
iteration90.tre,2,2,4,6,4,4,11,12,9,14
iteration91.tre,2,1,2,3,6,5,7,12,8,16
iteration92.tre,2,2,2,6,8,4,5,16,5,15
iteration93.tre,2,1,2,2,7,2,10,6,6,13
iteration94.tre,4,2,5,4,7,10,8,5,6,16
iteration95.tre,4,1,2,9,8,6,2,6,6,12
iteration96.tre,1,2,2,2,7,10,9,13,15,16
iteration97.tre,1,2,2,2,3,5,14,5,5,14
iteration98.tre,1,1,4,2,3,8,6,3,5,17
iteration99.tre,1,2,3,2,4,6,6,2,9,11
iteration100.tre,1,2,2,4,4,6,5,6,7,14
