"filename","percentage_match","percentage_match_excl_singles","percentage_single_sample_GMYC_species","oversplitting_ratio","oversplitting_excl_singles"
"iteration1.tre",95.83,75,83.33,4.8,0.8
"iteration2.tre",85.71,75,42.86,1.4,0.8
"iteration3.tre",95.24,66.67,85.71,4.2,0.6
"iteration4.tre",50,50,0,0.4,0.4
"iteration5.tre",83.33,66.67,50,1.2,0.6
"iteration6.tre",94.74,80,73.68,3.8,1
"iteration7.tre",85.71,80,28.57,1.4,1
"iteration8.tre",88.89,87.5,11.11,1.8,1.6
"iteration9.tre",50,50,0,0.4,0.4
"iteration10.tre",90.91,50,81.82,2.2,0.4
"iteration11.tre",83.33,50,66.67,1.2,0.4
"iteration12.tre",85.71,66.67,57.14,1.4,0.6
"iteration13.tre",50,50,0,0.4,0.4
"iteration14.tre",100,100,81.58,7.6,1.4
"iteration15.tre",87.5,66.67,62.5,1.6,0.6
"iteration16.tre",85.71,66.67,57.14,1.4,0.6
"iteration17.tre",85.71,66.67,57.14,1.4,0.6
"iteration18.tre",100,100,73.08,5.2,1.4
"iteration19.tre",85.71,75,42.86,1.4,0.8
"iteration20.tre",87.5,75,50,1.6,0.8
"iteration21.tre",96.77,66.67,90.32,6.2,0.6
"iteration22.tre",100,100,74.07,5.4,1.4
"iteration23.tre",85.71,75,42.86,1.4,0.8
"iteration24.tre",80,50,60,1,0.4
"iteration25.tre",87.5,75,50,1.6,0.8
"iteration26.tre",50,50,0,0.4,0.4
"iteration27.tre",50,0,50,0.4,0.2
"iteration28.tre",96.97,83.33,81.82,6.6,1.2
"iteration29.tre",95.83,75,83.33,4.8,0.8
"iteration30.tre",85.71,75,42.86,1.4,0.8
"iteration31.tre",100,100,82.35,6.8,1.2
"iteration32.tre",85.71,75,42.86,1.4,0.8
"iteration33.tre",96.3,83.33,77.78,5.4,1.2
"iteration34.tre",50,50,0,0.4,0.4
"iteration35.tre",95.24,75,80.95,4.2,0.8
"iteration36.tre",50,50,0,0.4,0.4
"iteration37.tre",85.71,75,42.86,1.4,0.8
"iteration38.tre",94.44,85.71,61.11,3.6,1.4
"iteration39.tre",50,50,0,0.4,0.4
"iteration40.tre",80,50,60,1.25,0.5
"iteration41.tre",85.71,75,42.86,1.4,0.8
"iteration42.tre",87.5,80,37.5,1.6,1
"iteration43.tre",96.77,75,87.1,6.2,0.8
"iteration44.tre",87.5,80,37.5,1.6,1
"iteration45.tre",100,100,80,6,1.2
"iteration46.tre",50,50,0,0.4,0.4
"iteration47.tre",85.71,75,42.86,1.4,0.8
"iteration48.tre",87.5,80,37.5,2,1.25
"iteration49.tre",96.67,75,86.67,6,0.8
"iteration50.tre",87.5,75,50,1.6,0.8
"iteration51.tre",87.5,80,37.5,1.6,1
"iteration52.tre",85.71,66.67,57.14,1.4,0.6
"iteration53.tre",90,85.71,30,2,1.4
"iteration54.tre",85.71,75,42.86,1.4,0.8
"iteration55.tre",95,75,80,4,0.8
"iteration56.tre",87.5,80,37.5,1.6,1
"iteration57.tre",96.43,80,82.14,7,1.25
"iteration58.tre",50,50,0,0.4,0.4
"iteration59.tre",88.89,83.33,33.33,1.8,1.2
"iteration60.tre",90.91,80,54.55,2.2,1
"iteration61.tre",100,100,80.56,7.2,1.4
"iteration62.tre",83.33,66.67,50,1.2,0.6
"iteration63.tre",87.5,80,37.5,1.6,1
"iteration64.tre",100,100,58.33,4.8,2
"iteration65.tre",87.5,80,37.5,1.6,1
"iteration66.tre",80,66.67,40,1,0.6
"iteration67.tre",87.5,80,37.5,1.6,1
"iteration68.tre",95,80,75,4,1
"iteration69.tre",83.33,50,66.67,1.2,0.4
"iteration70.tre",95.45,83.33,72.73,4.4,1.2
"iteration71.tre",80,50,60,1,0.4
"iteration72.tre",85.71,50,71.43,1.4,0.4
"iteration73.tre",87.5,75,50,1.6,0.8
"iteration74.tre",50,50,0,0.4,0.4
"iteration75.tre",100,100,75.86,5.8,1.4
"iteration76.tre",92.86,66.67,78.57,2.8,0.6
"iteration77.tre",95.45,85.71,68.18,4.4,1.4
"iteration78.tre",88.89,83.33,33.33,1.8,1.2
"iteration79.tre",96.97,75,87.88,6.6,0.8
"iteration80.tre",50,50,0,0.4,0.4
"iteration81.tre",87.5,80,37.5,1.6,1
"iteration82.tre",50,0,50,0.4,0.2
"iteration83.tre",83.33,66.67,50,1.2,0.6
"iteration84.tre",50,50,0,0.4,0.4
"iteration85.tre",83.33,66.67,50,1.2,0.6
"iteration86.tre",50,50,0,0.4,0.4
"iteration87.tre",97.22,83.33,83.33,7.2,1.2
"iteration88.tre",100,100,82.35,6.8,1.2
"iteration89.tre",96.55,66.67,89.66,5.8,0.6
"iteration90.tre",88.89,83.33,33.33,1.8,1.2
"iteration91.tre",83.33,66.67,50,1.2,0.6
"iteration92.tre",88.89,83.33,33.33,1.8,1.2
"iteration93.tre",50,50,0,0.4,0.4
"iteration94.tre",85.71,75,42.86,1.4,0.8
"iteration95.tre",96,88.89,64,5,1.8
"iteration96.tre",50,50,0,0.4,0.4
"iteration97.tre",80,50,60,1,0.4
"iteration98.tre",50,50,0,0.4,0.4
"iteration99.tre",50,50,0,0.4,0.4
"iteration100.tre",85.71,75,42.86,1.4,0.8
