"filename","percentage_match","percentage_match_excl_singles","percentage_single_sample_GMYC_species","oversplitting_ratio","oversplitting_excl_singles"
"iteration1.tre",50,0,50,0.5,0.25
"iteration2.tre",50,50,0,0.4,0.4
"iteration3.tre",50,50,0,0.5,0.5
"iteration4.tre",50,50,0,0.4,0.4
"iteration5.tre",83.33,66.67,50,1.2,0.6
"iteration6.tre",50,50,0,0.4,0.4
"iteration7.tre",50,50,0,0.4,0.4
"iteration8.tre",50,50,0,0.5,0.5
"iteration9.tre",50,50,0,0.4,0.4
"iteration10.tre",83.33,66.67,50,1.5,0.75
"iteration11.tre",50,50,0,0.4,0.4
"iteration12.tre",50,50,0,0.4,0.4
"iteration13.tre",80,50,60,1,0.4
"iteration14.tre",50,50,0,0.4,0.4
"iteration15.tre",83.33,66.67,50,1.2,0.6
"iteration16.tre",90,50,80,2,0.4
"iteration17.tre",83.33,50,66.67,1.2,0.4
"iteration18.tre",50,50,0,0.5,0.5
"iteration19.tre",85.71,66.67,57.14,1.4,0.6
"iteration20.tre",80,50,60,1,0.4
"iteration21.tre",50,0,50,0.4,0.2
"iteration22.tre",100,100,73.68,3.8,1
"iteration23.tre",50,50,0,0.5,0.5
"iteration24.tre",50,50,0,0.4,0.4
"iteration25.tre",83.33,66.67,50,1.2,0.6
"iteration26.tre",85.71,50,71.43,1.75,0.5
"iteration27.tre",50,50,0,0.4,0.4
"iteration28.tre",50,0,50,0.4,0.2
"iteration29.tre",50,50,0,0.4,0.4
"iteration30.tre",66.67,50,33.33,0.6,0.4
"iteration31.tre",85.71,75,42.86,1.75,1
"iteration32.tre",83.33,66.67,50,1.2,0.6
"iteration33.tre",50,50,0,0.5,0.5
"iteration34.tre",50,0,50,0.4,0.2
"iteration35.tre",50,50,0,0.4,0.4
"iteration36.tre",50,50,0,0.4,0.4
"iteration37.tre",50,50,0,0.4,0.4
"iteration38.tre",50,50,0,0.4,0.4
"iteration39.tre",83.33,75,33.33,1.2,0.8
"iteration40.tre",85.71,66.67,57.14,1.4,0.6
"iteration41.tre",50,50,0,0.5,0.5
"iteration42.tre",80,50,60,1.25,0.5
"iteration43.tre",50,50,0,0.4,0.4
"iteration44.tre",80,50,60,1.25,0.5
"iteration45.tre",50,50,0,0.4,0.4
"iteration46.tre",80,0,80,1.25,0.25
"iteration47.tre",50,50,0,0.4,0.4
"iteration48.tre",50,50,0,0.4,0.4
"iteration49.tre",50,50,0,0.4,0.4
"iteration50.tre",50,50,0,0.5,0.5
"iteration51.tre",87.5,50,75,1.6,0.4
"iteration52.tre",50,50,0,0.4,0.4
"iteration53.tre",50,50,0,0.5,0.5
"iteration54.tre",50,0,50,0.4,0.2
"iteration55.tre",50,50,0,0.4,0.4
"iteration56.tre",50,50,0,0.4,0.4
"iteration57.tre",50,50,0,0.5,0.5
"iteration58.tre",50,0,50,0.4,0.2
"iteration59.tre",50,50,0,0.4,0.4
"iteration60.tre",83.33,50,66.67,1.2,0.4
"iteration61.tre",85.71,75,42.86,1.4,0.8
"iteration62.tre",50,50,0,0.4,0.4
"iteration63.tre",66.67,50,33.33,0.6,0.4
"iteration64.tre",50,0,50,0.4,0.2
"iteration65.tre",66.67,50,33.33,0.6,0.4
"iteration66.tre",50,0,50,0.4,0.2
"iteration67.tre",100,100,76.19,5.25,1.25
"iteration68.tre",50,0,50,0.5,0.25
"iteration69.tre",85.71,66.67,57.14,1.4,0.6
"iteration70.tre",83.33,50,66.67,1.2,0.4
"iteration71.tre",50,0,50,0.4,0.2
"iteration72.tre",50,50,0,0.4,0.4
"iteration73.tre",85.71,75,42.86,2.33,1.33
"iteration74.tre",50,50,0,0.4,0.4
"iteration75.tre",50,50,0,0.5,0.5
"iteration76.tre",83.33,66.67,50,1.2,0.6
"iteration77.tre",50,50,0,0.4,0.4
"iteration78.tre",50,50,0,0.4,0.4
"iteration79.tre",50,50,0,0.5,0.5
"iteration80.tre",50,50,0,0.4,0.4
"iteration81.tre",50,50,0,0.4,0.4
"iteration82.tre",50,50,0,0.4,0.4
"iteration83.tre",87.5,80,37.5,2,1.25
"iteration84.tre",50,50,0,0.4,0.4
"iteration85.tre",85.71,66.67,57.14,1.4,0.6
"iteration86.tre",50,50,0,0.4,0.4
"iteration87.tre",85.71,75,42.86,1.4,0.8
"iteration88.tre",50,50,0,0.5,0.5
"iteration89.tre",50,50,0,0.5,0.5
"iteration90.tre",80,50,60,1,0.4
"iteration91.tre",50,0,50,0.5,0.25
"iteration92.tre",50,50,0,0.4,0.4
"iteration93.tre",50,0,50,0.4,0.2
"iteration94.tre",50,50,0,0.4,0.4
"iteration95.tre",50,0,50,0.4,0.2
"iteration96.tre",50,50,0,0.5,0.5
"iteration97.tre",50,50,0,0.4,0.4
"iteration98.tre",50,0,50,0.4,0.2
"iteration99.tre",50,50,0,0.5,0.5
"iteration100.tre",80,50,60,1,0.4
