"filename","percentage_match","percentage_match_excl_singles","percentage_single_sample_GMYC_species","oversplitting_ratio","oversplitting_excl_singles"
"iteration1.tre",100,100,76.92,13,3
"iteration2.tre",90,85.71,30,2,1.4
"iteration3.tre",97.5,85.71,82.5,8,1.4
"iteration4.tre",100,100,73.08,10.4,2.8
"iteration5.tre",90,83.33,40,2,1.2
"iteration6.tre",90.91,83.33,45.45,2.2,1.2
"iteration7.tre",90.91,83.33,45.45,2.2,1.2
"iteration8.tre",85.71,83.33,14.29,1.4,1.2
"iteration9.tre",100,100,77.36,10.6,2.4
"iteration10.tre",98.39,91.67,80.65,12.4,2.4
"iteration11.tre",100,100,80.65,12.4,2.4
"iteration12.tre",98.18,93.33,72.73,11,3
"iteration13.tre",100,100,70.49,12.2,3.6
"iteration14.tre",100,100,78.57,11.2,2.4
"iteration15.tre",90,85.71,30,2,1.4
"iteration16.tre",100,100,76.27,11.8,2.8
"iteration17.tre",83.33,80,16.67,1.2,1
"iteration18.tre",100,100,72.55,10.2,2.8
"iteration19.tre",100,100,80.65,12.4,2.4
"iteration20.tre",85.71,83.33,14.29,1.4,1.2
"iteration21.tre",100,100,80.65,12.4,2.4
"iteration22.tre",100,100,77.78,10.8,2.4
"iteration23.tre",100,100,68.18,8.8,2.8
"iteration24.tre",100,100,75,12,3
"iteration25.tre",90.91,85.71,36.36,2.2,1.4
"iteration26.tre",91.67,88.89,25,2.4,1.8
"iteration27.tre",85.71,83.33,14.29,1.4,1.2
"iteration28.tre",92.31,87.5,38.46,2.6,1.6
"iteration29.tre",90.91,83.33,45.45,2.2,1.2
"iteration30.tre",100,100,75.86,11.6,2.8
"iteration31.tre",97.92,88.89,81.25,9.6,1.8
"iteration32.tre",85.71,83.33,14.29,1.4,1.2
"iteration33.tre",85.71,83.33,14.29,1.4,1.2
"iteration34.tre",85.71,83.33,14.29,1.4,1.2
"iteration35.tre",90,85.71,30,2,1.4
"iteration36.tre",90,80,50,2,1
"iteration37.tre",90.91,83.33,45.45,2.2,1.2
"iteration38.tre",88.89,85.71,22.22,1.8,1.4
"iteration39.tre",85.71,83.33,14.29,1.4,1.2
"iteration40.tre",100,100,76.67,12,2.8
"iteration41.tre",97.83,83.33,86.96,9.2,1.2
"iteration42.tre",87.5,80,37.5,1.6,1
"iteration43.tre",90,80,50,2,1
"iteration44.tre",90.91,85.71,36.36,2.2,1.4
"iteration45.tre",88.89,83.33,33.33,1.8,1.2
"iteration46.tre",87.5,80,37.5,1.6,1
"iteration47.tre",91.67,88.89,25,2.4,1.8
"iteration48.tre",90.91,85.71,36.36,2.2,1.4
"iteration49.tre",90.91,87.5,27.27,2.2,1.6
"iteration50.tre",90,83.33,40,2,1.2
"iteration51.tre",100,100,81.25,12.8,2.4
"iteration52.tre",85.71,83.33,14.29,1.4,1.2
"iteration53.tre",90.91,83.33,45.45,2.2,1.2
"iteration54.tre",100,100,76.67,12,2.8
"iteration55.tre",97.3,87.5,78.38,7.4,1.6
"iteration56.tre",100,100,75,11.2,2.8
"iteration57.tre",92.31,90,23.08,2.6,2
"iteration58.tre",88.89,80,44.44,1.8,1
"iteration59.tre",100,100,71.15,10.4,3
"iteration60.tre",92.86,88.89,35.71,2.8,1.8
"iteration61.tre",91.67,87.5,33.33,2.4,1.6
"iteration62.tre",90.91,85.71,36.36,2.2,1.4
"iteration63.tre",100,100,73.08,10.4,2.8
"iteration64.tre",96.77,90,67.74,6.2,2
"iteration65.tre",98.44,80,92.19,12.8,1
"iteration66.tre",91.67,88.89,25,2.4,1.8
"iteration67.tre",100,100,77.97,11.8,2.6
"iteration68.tre",90,83.33,40,2,1.2
"iteration69.tre",90.91,87.5,27.27,2.2,1.6
"iteration70.tre",98.25,93.33,73.68,11.4,3
"iteration71.tre",100,100,79.37,12.6,2.6
"iteration72.tre",98.11,88.89,83.02,10.6,1.8
"iteration73.tre",100,100,70.59,10.2,3
"iteration74.tre",90.91,85.71,36.36,2.2,1.4
"iteration75.tre",85.71,83.33,14.29,1.4,1.2
"iteration76.tre",100,100,78.33,12,2.6
"iteration77.tre",87.5,80,37.5,1.6,1
"iteration78.tre",85.71,83.33,14.29,1.4,1.2
"iteration79.tre",97.22,92.31,63.89,7.2,2.6
"iteration80.tre",98.28,92.31,77.59,11.6,2.6
"iteration81.tre",100,100,80.95,12.6,2.4
"iteration82.tre",91.67,85.71,41.67,2.4,1.4
"iteration83.tre",90.91,87.5,27.27,2.2,1.6
"iteration84.tre",88.89,80,44.44,1.8,1
"iteration85.tre",83.33,80,16.67,1.2,1
"iteration86.tre",100,100,82.54,12.6,2.2
"iteration87.tre",90.91,85.71,36.36,2.2,1.4
"iteration88.tre",90.91,87.5,27.27,2.2,1.6
"iteration89.tre",90.91,83.33,45.45,2.2,1.2
"iteration90.tre",96.67,88.89,70,6,1.8
"iteration91.tre",91.67,87.5,33.33,2.4,1.6
"iteration92.tre",83.33,80,16.67,1.2,1
"iteration93.tre",85.71,83.33,14.29,1.4,1.2
"iteration94.tre",90,83.33,40,2,1.2
"iteration95.tre",90,83.33,40,2,1.2
"iteration96.tre",100,100,71.15,10.4,3
"iteration97.tre",90,80,50,2,1
"iteration98.tre",90,80,50,2,1
"iteration99.tre",96.55,88.89,68.97,5.8,1.8
"iteration100.tre",90.91,85.71,36.36,2.2,1.4
