"filename","clusters","entities"
"iteration1.tre",15,65
"iteration2.tre",7,10
"iteration3.tre",7,40
"iteration4.tre",14,52
"iteration5.tre",6,10
"iteration6.tre",6,11
"iteration7.tre",6,11
"iteration8.tre",6,7
"iteration9.tre",12,53
"iteration10.tre",12,62
"iteration11.tre",12,62
"iteration12.tre",15,55
"iteration13.tre",18,61
"iteration14.tre",12,56
"iteration15.tre",7,10
"iteration16.tre",14,59
"iteration17.tre",5,6
"iteration18.tre",14,51
"iteration19.tre",12,62
"iteration20.tre",6,7
"iteration21.tre",12,62
"iteration22.tre",12,54
"iteration23.tre",14,44
"iteration24.tre",15,60
"iteration25.tre",7,11
"iteration26.tre",9,12
"iteration27.tre",6,7
"iteration28.tre",8,13
"iteration29.tre",6,11
"iteration30.tre",14,58
"iteration31.tre",9,48
"iteration32.tre",6,7
"iteration33.tre",6,7
"iteration34.tre",6,7
"iteration35.tre",7,10
"iteration36.tre",5,10
"iteration37.tre",6,11
"iteration38.tre",7,9
"iteration39.tre",6,7
"iteration40.tre",14,60
"iteration41.tre",6,46
"iteration42.tre",5,8
"iteration43.tre",5,10
"iteration44.tre",7,11
"iteration45.tre",6,9
"iteration46.tre",5,8
"iteration47.tre",9,12
"iteration48.tre",7,11
"iteration49.tre",8,11
"iteration50.tre",6,10
"iteration51.tre",12,64
"iteration52.tre",6,7
"iteration53.tre",6,11
"iteration54.tre",14,60
"iteration55.tre",8,37
"iteration56.tre",14,56
"iteration57.tre",10,13
"iteration58.tre",5,9
"iteration59.tre",15,52
"iteration60.tre",9,14
"iteration61.tre",8,12
"iteration62.tre",7,11
"iteration63.tre",14,52
"iteration64.tre",10,31
"iteration65.tre",5,64
"iteration66.tre",9,12
"iteration67.tre",13,59
"iteration68.tre",6,10
"iteration69.tre",8,11
"iteration70.tre",15,57
"iteration71.tre",13,63
"iteration72.tre",9,53
"iteration73.tre",15,51
"iteration74.tre",7,11
"iteration75.tre",6,7
"iteration76.tre",13,60
"iteration77.tre",5,8
"iteration78.tre",6,7
"iteration79.tre",13,36
"iteration80.tre",13,58
"iteration81.tre",12,63
"iteration82.tre",7,12
"iteration83.tre",8,11
"iteration84.tre",5,9
"iteration85.tre",5,6
"iteration86.tre",11,63
"iteration87.tre",7,11
"iteration88.tre",8,11
"iteration89.tre",6,11
"iteration90.tre",9,30
"iteration91.tre",8,12
"iteration92.tre",5,6
"iteration93.tre",6,7
"iteration94.tre",6,10
"iteration95.tre",6,10
"iteration96.tre",15,52
"iteration97.tre",5,10
"iteration98.tre",5,10
"iteration99.tre",9,29
"iteration100.tre",7,11
