"filename","clusters","entities"
"iteration1.tre",5,8
"iteration2.tre",7,36
"iteration3.tre",2,2
"iteration4.tre",3,7
"iteration5.tre",6,20
"iteration6.tre",7,10
"iteration7.tre",2,2
"iteration8.tre",3,8
"iteration9.tre",4,7
"iteration10.tre",7,32
"iteration11.tre",8,11
"iteration12.tre",2,2
"iteration13.tre",8,36
"iteration14.tre",2,2
"iteration15.tre",1,2
"iteration16.tre",6,36
"iteration17.tre",8,12
"iteration18.tre",3,4
"iteration19.tre",3,6
"iteration20.tre",4,7
"iteration21.tre",2,29
"iteration22.tre",5,42
"iteration23.tre",6,9
"iteration24.tre",3,4
"iteration25.tre",2,31
"iteration26.tre",11,38
"iteration27.tre",2,2
"iteration28.tre",5,8
"iteration29.tre",5,32
"iteration30.tre",4,7
"iteration31.tre",5,8
"iteration32.tre",5,8
"iteration33.tre",3,26
"iteration34.tre",5,8
"iteration35.tre",4,8
"iteration36.tre",2,2
"iteration37.tre",5,8
"iteration38.tre",2,34
"iteration39.tre",7,25
"iteration40.tre",1,2
"iteration41.tre",7,11
"iteration42.tre",10,23
"iteration43.tre",3,6
"iteration44.tre",7,24
"iteration45.tre",3,4
"iteration46.tre",2,2
"iteration47.tre",7,42
"iteration48.tre",2,2
"iteration49.tre",4,7
"iteration50.tre",3,6
"iteration51.tre",3,7
"iteration52.tre",2,2
"iteration53.tre",4,7
"iteration54.tre",4,7
"iteration55.tre",3,8
"iteration56.tre",4,34
"iteration57.tre",4,7
"iteration58.tre",2,2
"iteration59.tre",7,11
"iteration60.tre",2,2
"iteration61.tre",3,39
"iteration62.tre",4,8
"iteration63.tre",4,8
"iteration64.tre",2,2
"iteration65.tre",8,43
"iteration66.tre",3,4
"iteration67.tre",10,12
"iteration68.tre",6,40
"iteration69.tre",5,9
"iteration70.tre",4,6
"iteration71.tre",10,13
"iteration72.tre",4,8
"iteration73.tre",5,9
"iteration74.tre",2,35
"iteration75.tre",2,2
"iteration76.tre",2,2
"iteration77.tre",5,39
"iteration78.tre",2,2
"iteration79.tre",3,5
"iteration80.tre",4,7
"iteration81.tre",6,8
"iteration82.tre",5,8
"iteration83.tre",9,36
"iteration84.tre",4,7
"iteration85.tre",4,7
"iteration86.tre",12,40
"iteration87.tre",4,7
"iteration88.tre",3,6
"iteration89.tre",6,9
"iteration90.tre",4,7
"iteration91.tre",6,40
"iteration92.tre",8,10
"iteration93.tre",7,43
"iteration94.tre",7,11
"iteration95.tre",8,11
"iteration96.tre",7,22
"iteration97.tre",3,8
"iteration98.tre",3,6
"iteration99.tre",4,5
"iteration100.tre",4,7
