"filename","clusters","entities"
"iteration1.tre",1,2
"iteration2.tre",2,2
"iteration3.tre",2,2
"iteration4.tre",2,2
"iteration5.tre",3,6
"iteration6.tre",2,2
"iteration7.tre",2,2
"iteration8.tre",2,2
"iteration9.tre",2,2
"iteration10.tre",3,6
"iteration11.tre",2,2
"iteration12.tre",2,2
"iteration13.tre",2,5
"iteration14.tre",2,2
"iteration15.tre",3,6
"iteration16.tre",2,10
"iteration17.tre",2,6
"iteration18.tre",2,2
"iteration19.tre",3,7
"iteration20.tre",2,5
"iteration21.tre",1,2
"iteration22.tre",5,19
"iteration23.tre",2,2
"iteration24.tre",2,2
"iteration25.tre",3,6
"iteration26.tre",2,7
"iteration27.tre",2,2
"iteration28.tre",1,2
"iteration29.tre",2,2
"iteration30.tre",2,3
"iteration31.tre",4,7
"iteration32.tre",3,6
"iteration33.tre",2,2
"iteration34.tre",1,2
"iteration35.tre",2,2
"iteration36.tre",2,2
"iteration37.tre",2,2
"iteration38.tre",2,2
"iteration39.tre",4,6
"iteration40.tre",3,7
"iteration41.tre",2,2
"iteration42.tre",2,5
"iteration43.tre",2,2
"iteration44.tre",2,5
"iteration45.tre",2,2
"iteration46.tre",1,5
"iteration47.tre",2,2
"iteration48.tre",2,2
"iteration49.tre",2,2
"iteration50.tre",2,2
"iteration51.tre",2,8
"iteration52.tre",2,2
"iteration53.tre",2,2
"iteration54.tre",1,2
"iteration55.tre",2,2
"iteration56.tre",2,2
"iteration57.tre",2,2
"iteration58.tre",1,2
"iteration59.tre",2,2
"iteration60.tre",2,6
"iteration61.tre",4,7
"iteration62.tre",2,2
"iteration63.tre",2,3
"iteration64.tre",1,2
"iteration65.tre",2,3
"iteration66.tre",1,2
"iteration67.tre",5,21
"iteration68.tre",1,2
"iteration69.tre",3,7
"iteration70.tre",2,6
"iteration71.tre",1,2
"iteration72.tre",2,2
"iteration73.tre",4,7
"iteration74.tre",2,2
"iteration75.tre",2,2
"iteration76.tre",3,6
"iteration77.tre",2,2
"iteration78.tre",2,2
"iteration79.tre",2,2
"iteration80.tre",2,2
"iteration81.tre",2,2
"iteration82.tre",2,2
"iteration83.tre",5,8
"iteration84.tre",2,2
"iteration85.tre",3,7
"iteration86.tre",2,2
"iteration87.tre",4,7
"iteration88.tre",2,2
"iteration89.tre",2,2
"iteration90.tre",2,5
"iteration91.tre",1,2
"iteration92.tre",2,2
"iteration93.tre",1,2
"iteration94.tre",2,2
"iteration95.tre",1,2
"iteration96.tre",2,2
"iteration97.tre",2,2
"iteration98.tre",1,2
"iteration99.tre",2,2
"iteration100.tre",2,5
