"filename","clusters","entities"
"iteration1.tre",12,55
"iteration2.tre",9,34
"iteration3.tre",2,2
"iteration4.tre",11,39
"iteration5.tre",2,2
"iteration6.tre",2,6
"iteration7.tre",6,9
"iteration8.tre",13,32
"iteration9.tre",13,44
"iteration10.tre",7,10
"iteration11.tre",9,14
"iteration12.tre",12,34
"iteration13.tre",3,7
"iteration14.tre",6,10
"iteration15.tre",7,11
"iteration16.tre",7,10
"iteration17.tre",4,42
"iteration18.tre",6,9
"iteration19.tre",11,46
"iteration20.tre",14,45
"iteration21.tre",13,50
"iteration22.tre",6,9
"iteration23.tre",2,2
"iteration24.tre",14,55
"iteration25.tre",5,6
"iteration26.tre",6,11
"iteration27.tre",7,11
"iteration28.tre",2,6
"iteration29.tre",11,36
"iteration30.tre",7,43
"iteration31.tre",11,34
"iteration32.tre",7,40
"iteration33.tre",11,46
"iteration34.tre",6,10
"iteration35.tre",5,8
"iteration36.tre",5,8
"iteration37.tre",5,8
"iteration38.tre",6,10
"iteration39.tre",2,2
"iteration40.tre",6,10
"iteration41.tre",2,2
"iteration42.tre",6,9
"iteration43.tre",7,37
"iteration44.tre",2,3
"iteration45.tre",3,50
"iteration46.tre",5,6
"iteration47.tre",10,57
"iteration48.tre",2,2
"iteration49.tre",8,11
"iteration50.tre",8,52
"iteration51.tre",15,44
"iteration52.tre",10,49
"iteration53.tre",5,8
"iteration54.tre",5,6
"iteration55.tre",12,44
"iteration56.tre",6,22
"iteration57.tre",6,10
"iteration58.tre",6,9
"iteration59.tre",9,13
"iteration60.tre",2,40
"iteration61.tre",4,8
"iteration62.tre",8,35
"iteration63.tre",8,28
"iteration64.tre",6,10
"iteration65.tre",2,2
"iteration66.tre",2,2
"iteration67.tre",4,5
"iteration68.tre",7,32
"iteration69.tre",5,9
"iteration70.tre",8,11
"iteration71.tre",5,6
"iteration72.tre",5,6
"iteration73.tre",5,8
"iteration74.tre",9,12
"iteration75.tre",11,42
"iteration76.tre",7,10
"iteration77.tre",5,6
"iteration78.tre",5,6
"iteration79.tre",8,12
"iteration80.tre",5,6
"iteration81.tre",7,11
"iteration82.tre",8,11
"iteration83.tre",9,34
"iteration84.tre",7,36
"iteration85.tre",6,10
"iteration86.tre",6,10
"iteration87.tre",12,58
"iteration88.tre",9,11
"iteration89.tre",12,42
"iteration90.tre",11,43
"iteration91.tre",7,9
"iteration92.tre",5,8
"iteration93.tre",10,41
"iteration94.tre",8,33
"iteration95.tre",2,2
"iteration96.tre",9,54
"iteration97.tre",14,45
"iteration98.tre",6,10
"iteration99.tre",6,9
"iteration100.tre",5,10
