"filename","clusters","entities"
"iteration1.tre",4,24
"iteration2.tre",4,7
"iteration3.tre",3,21
"iteration4.tre",2,2
"iteration5.tre",3,6
"iteration6.tre",5,19
"iteration7.tre",5,7
"iteration8.tre",8,9
"iteration9.tre",2,2
"iteration10.tre",2,11
"iteration11.tre",2,6
"iteration12.tre",3,7
"iteration13.tre",2,2
"iteration14.tre",7,38
"iteration15.tre",3,8
"iteration16.tre",3,7
"iteration17.tre",3,7
"iteration18.tre",7,26
"iteration19.tre",4,7
"iteration20.tre",4,8
"iteration21.tre",3,31
"iteration22.tre",7,27
"iteration23.tre",4,7
"iteration24.tre",2,5
"iteration25.tre",4,8
"iteration26.tre",2,2
"iteration27.tre",1,2
"iteration28.tre",6,33
"iteration29.tre",4,24
"iteration30.tre",4,7
"iteration31.tre",6,34
"iteration32.tre",4,7
"iteration33.tre",6,27
"iteration34.tre",2,2
"iteration35.tre",4,21
"iteration36.tre",2,2
"iteration37.tre",4,7
"iteration38.tre",7,18
"iteration39.tre",2,2
"iteration40.tre",2,5
"iteration41.tre",4,7
"iteration42.tre",5,8
"iteration43.tre",4,31
"iteration44.tre",5,8
"iteration45.tre",6,30
"iteration46.tre",2,2
"iteration47.tre",4,7
"iteration48.tre",5,8
"iteration49.tre",4,30
"iteration50.tre",4,8
"iteration51.tre",5,8
"iteration52.tre",3,7
"iteration53.tre",7,10
"iteration54.tre",4,7
"iteration55.tre",4,20
"iteration56.tre",5,8
"iteration57.tre",5,28
"iteration58.tre",2,2
"iteration59.tre",6,9
"iteration60.tre",5,11
"iteration61.tre",7,36
"iteration62.tre",3,6
"iteration63.tre",5,8
"iteration64.tre",10,24
"iteration65.tre",5,8
"iteration66.tre",3,5
"iteration67.tre",5,8
"iteration68.tre",5,20
"iteration69.tre",2,6
"iteration70.tre",6,22
"iteration71.tre",2,5
"iteration72.tre",2,7
"iteration73.tre",4,8
"iteration74.tre",2,2
"iteration75.tre",7,29
"iteration76.tre",3,14
"iteration77.tre",7,22
"iteration78.tre",6,9
"iteration79.tre",4,33
"iteration80.tre",2,2
"iteration81.tre",5,8
"iteration82.tre",1,2
"iteration83.tre",3,6
"iteration84.tre",2,2
"iteration85.tre",3,6
"iteration86.tre",2,2
"iteration87.tre",6,36
"iteration88.tre",6,34
"iteration89.tre",3,29
"iteration90.tre",6,9
"iteration91.tre",3,6
"iteration92.tre",6,9
"iteration93.tre",2,2
"iteration94.tre",4,7
"iteration95.tre",9,25
"iteration96.tre",2,2
"iteration97.tre",2,5
"iteration98.tre",2,2
"iteration99.tre",2,2
"iteration100.tre",4,7
