"filename","clusters","entities"
"iteration1.tre",1,6
"iteration2.tre",2,2
"iteration3.tre",1,2
"iteration4.tre",1,2
"iteration5.tre",2,3
"iteration6.tre",1,2
"iteration7.tre",2,2
"iteration8.tre",7,10
"iteration9.tre",1,2
"iteration10.tre",2,2
"iteration11.tre",2,6
"iteration12.tre",2,5
"iteration13.tre",2,2
"iteration14.tre",2,2
"iteration15.tre",2,2
"iteration16.tre",2,2
"iteration17.tre",2,3
"iteration18.tre",2,2
"iteration19.tre",1,2
"iteration20.tre",2,2
"iteration21.tre",2,2
"iteration22.tre",6,9
"iteration23.tre",2,2
"iteration24.tre",1,2
"iteration25.tre",3,6
"iteration26.tre",1,2
"iteration27.tre",2,2
"iteration28.tre",2,2
"iteration29.tre",2,2
"iteration30.tre",2,2
"iteration31.tre",2,2
"iteration32.tre",1,2
"iteration33.tre",2,2
"iteration34.tre",2,2
"iteration35.tre",2,2
"iteration36.tre",2,2
"iteration37.tre",1,2
"iteration38.tre",2,2
"iteration39.tre",4,7
"iteration40.tre",2,2
"iteration41.tre",1,2
"iteration42.tre",1,2
"iteration43.tre",1,2
"iteration44.tre",1,2
"iteration45.tre",3,6
"iteration46.tre",3,7
"iteration47.tre",2,2
"iteration48.tre",3,4
"iteration49.tre",2,2
"iteration50.tre",2,2
"iteration51.tre",1,2
"iteration52.tre",2,2
"iteration53.tre",2,2
"iteration54.tre",2,2
"iteration55.tre",1,2
"iteration56.tre",2,2
"iteration57.tre",2,2
"iteration58.tre",2,6
"iteration59.tre",1,2
"iteration60.tre",2,5
"iteration61.tre",2,2
"iteration62.tre",1,2
"iteration63.tre",2,2
"iteration64.tre",2,2
"iteration65.tre",3,4
"iteration66.tre",2,2
"iteration67.tre",1,2
"iteration68.tre",2,2
"iteration69.tre",2,6
"iteration70.tre",2,3
"iteration71.tre",1,2
"iteration72.tre",2,2
"iteration73.tre",4,7
"iteration74.tre",2,5
"iteration75.tre",2,2
"iteration76.tre",2,3
"iteration77.tre",3,6
"iteration78.tre",2,6
"iteration79.tre",2,2
"iteration80.tre",1,2
"iteration81.tre",2,2
"iteration82.tre",2,2
"iteration83.tre",2,2
"iteration84.tre",3,7
"iteration85.tre",2,2
"iteration86.tre",3,4
"iteration87.tre",2,2
"iteration88.tre",2,2
"iteration89.tre",2,2
"iteration90.tre",2,2
"iteration91.tre",2,2
"iteration92.tre",2,5
"iteration93.tre",2,2
"iteration94.tre",4,7
"iteration95.tre",4,7
"iteration96.tre",1,2
"iteration97.tre",1,2
"iteration98.tre",1,10
"iteration99.tre",1,2
"iteration100.tre",1,2
