"filename","clusters","entities"
"iteration1.tre",2,2
"iteration2.tre",2,13
"iteration3.tre",6,8
"iteration4.tre",7,10
"iteration5.tre",7,10
"iteration6.tre",2,2
"iteration7.tre",2,2
"iteration8.tre",7,11
"iteration9.tre",4,7
"iteration10.tre",2,2
"iteration11.tre",5,8
"iteration12.tre",7,10
"iteration13.tre",8,11
"iteration14.tre",13,37
"iteration15.tre",8,11
"iteration16.tre",6,10
"iteration17.tre",6,27
"iteration18.tre",6,11
"iteration19.tre",5,10
"iteration20.tre",7,9
"iteration21.tre",10,36
"iteration22.tre",7,10
"iteration23.tre",7,10
"iteration24.tre",2,6
"iteration25.tre",5,8
"iteration26.tre",4,7
"iteration27.tre",7,10
"iteration28.tre",4,7
"iteration29.tre",4,7
"iteration30.tre",7,10
"iteration31.tre",2,2
"iteration32.tre",6,9
"iteration33.tre",5,8
"iteration34.tre",14,40
"iteration35.tre",2,42
"iteration36.tre",12,29
"iteration37.tre",6,9
"iteration38.tre",10,35
"iteration39.tre",9,49
"iteration40.tre",1,4
"iteration41.tre",6,9
"iteration42.tre",2,2
"iteration43.tre",8,30
"iteration44.tre",3,8
"iteration45.tre",10,43
"iteration46.tre",3,4
"iteration47.tre",4,28
"iteration48.tre",5,8
"iteration49.tre",8,11
"iteration50.tre",9,50
"iteration51.tre",4,5
"iteration52.tre",3,10
"iteration53.tre",7,26
"iteration54.tre",7,9
"iteration55.tre",2,6
"iteration56.tre",5,8
"iteration57.tre",6,10
"iteration58.tre",6,10
"iteration59.tre",7,32
"iteration60.tre",2,40
"iteration61.tre",11,32
"iteration62.tre",3,4
"iteration63.tre",3,4
"iteration64.tre",2,2
"iteration65.tre",5,9
"iteration66.tre",3,30
"iteration67.tre",6,10
"iteration68.tre",7,29
"iteration69.tre",3,33
"iteration70.tre",6,9
"iteration71.tre",2,2
"iteration72.tre",6,9
"iteration73.tre",5,6
"iteration74.tre",3,4
"iteration75.tre",6,9
"iteration76.tre",3,4
"iteration77.tre",8,11
"iteration78.tre",17,38
"iteration79.tre",4,8
"iteration80.tre",4,7
"iteration81.tre",8,12
"iteration82.tre",5,8
"iteration83.tre",6,9
"iteration84.tre",5,6
"iteration85.tre",5,9
"iteration86.tre",6,9
"iteration87.tre",2,2
"iteration88.tre",7,9
"iteration89.tre",2,2
"iteration90.tre",4,5
"iteration91.tre",5,6
"iteration92.tre",4,43
"iteration93.tre",2,2
"iteration94.tre",10,47
"iteration95.tre",6,9
"iteration96.tre",10,50
"iteration97.tre",5,31
"iteration98.tre",8,44
"iteration99.tre",6,10
"iteration100.tre",6,10
