"filename","clusters","entities"
"iteration1.tre",10,40
"iteration2.tre",5,10
"iteration3.tre",5,33
"iteration4.tre",8,12
"iteration5.tre",6,25
"iteration6.tre",5,10
"iteration7.tre",12,42
"iteration8.tre",5,6
"iteration9.tre",11,54
"iteration10.tre",9,47
"iteration11.tre",11,51
"iteration12.tre",12,61
"iteration13.tre",7,10
"iteration14.tre",10,30
"iteration15.tre",8,13
"iteration16.tre",7,36
"iteration17.tre",10,51
"iteration18.tre",6,9
"iteration19.tre",9,10
"iteration20.tre",5,6
"iteration21.tre",19,52
"iteration22.tre",7,11
"iteration23.tre",6,9
"iteration24.tre",9,12
"iteration25.tre",9,13
"iteration26.tre",12,56
"iteration27.tre",16,49
"iteration28.tre",5,6
"iteration29.tre",2,2
"iteration30.tre",6,33
"iteration31.tre",8,31
"iteration32.tre",7,12
"iteration33.tre",2,2
"iteration34.tre",6,10
"iteration35.tre",7,12
"iteration36.tre",6,9
"iteration37.tre",7,11
"iteration38.tre",8,12
"iteration39.tre",7,32
"iteration40.tre",10,48
"iteration41.tre",6,7
"iteration42.tre",7,10
"iteration43.tre",11,47
"iteration44.tre",7,11
"iteration45.tre",11,53
"iteration46.tre",5,6
"iteration47.tre",12,48
"iteration48.tre",13,55
"iteration49.tre",8,9
"iteration50.tre",10,54
"iteration51.tre",10,13
"iteration52.tre",10,51
"iteration53.tre",5,39
"iteration54.tre",5,38
"iteration55.tre",5,6
"iteration56.tre",6,7
"iteration57.tre",2,52
"iteration58.tre",10,50
"iteration59.tre",12,50
"iteration60.tre",2,40
"iteration61.tre",2,2
"iteration62.tre",5,8
"iteration63.tre",12,27
"iteration64.tre",7,10
"iteration65.tre",5,6
"iteration66.tre",5,10
"iteration67.tre",6,54
"iteration68.tre",7,13
"iteration69.tre",10,53
"iteration70.tre",6,10
"iteration71.tre",12,57
"iteration72.tre",8,28
"iteration73.tre",10,33
"iteration74.tre",5,8
"iteration75.tre",8,11
"iteration76.tre",5,9
"iteration77.tre",6,7
"iteration78.tre",5,6
"iteration79.tre",3,6
"iteration80.tre",10,55
"iteration81.tre",8,12
"iteration82.tre",13,64
"iteration83.tre",14,49
"iteration84.tre",16,42
"iteration85.tre",8,32
"iteration86.tre",11,45
"iteration87.tre",6,9
"iteration88.tre",8,12
"iteration89.tre",7,11
"iteration90.tre",12,47
"iteration91.tre",12,48
"iteration92.tre",16,47
"iteration93.tre",6,10
"iteration94.tre",5,6
"iteration95.tre",6,7
"iteration96.tre",13,48
"iteration97.tre",5,51
"iteration98.tre",3,4
"iteration99.tre",2,2
"iteration100.tre",6,10
