"filename","clusters","entities"
"iteration1.tre",2,10
"iteration2.tre",4,7
"iteration3.tre",2,2
"iteration4.tre",2,2
"iteration5.tre",4,8
"iteration6.tre",4,8
"iteration7.tre",2,2
"iteration8.tre",3,6
"iteration9.tre",3,31
"iteration10.tre",4,7
"iteration11.tre",3,4
"iteration12.tre",1,2
"iteration13.tre",2,2
"iteration14.tre",2,2
"iteration15.tre",3,5
"iteration16.tre",2,2
"iteration17.tre",2,2
"iteration18.tre",6,9
"iteration19.tre",4,8
"iteration20.tre",3,6
"iteration21.tre",5,8
"iteration22.tre",4,7
"iteration23.tre",5,24
"iteration24.tre",7,15
"iteration25.tre",5,12
"iteration26.tre",2,2
"iteration27.tre",3,6
"iteration28.tre",2,2
"iteration29.tre",5,8
"iteration30.tre",5,8
"iteration31.tre",4,15
"iteration32.tre",3,7
"iteration33.tre",2,2
"iteration34.tre",2,2
"iteration35.tre",4,7
"iteration36.tre",2,2
"iteration37.tre",2,2
"iteration38.tre",2,6
"iteration39.tre",3,7
"iteration40.tre",2,2
"iteration41.tre",4,7
"iteration42.tre",5,25
"iteration43.tre",4,10
"iteration44.tre",6,12
"iteration45.tre",4,7
"iteration46.tre",1,13
"iteration47.tre",2,2
"iteration48.tre",2,2
"iteration49.tre",4,7
"iteration50.tre",1,2
"iteration51.tre",5,7
"iteration52.tre",1,2
"iteration53.tre",2,2
"iteration54.tre",2,2
"iteration55.tre",4,28
"iteration56.tre",6,24
"iteration57.tre",6,11
"iteration58.tre",6,21
"iteration59.tre",5,11
"iteration60.tre",2,18
"iteration61.tre",5,15
"iteration62.tre",2,2
"iteration63.tre",2,2
"iteration64.tre",4,7
"iteration65.tre",3,8
"iteration66.tre",3,6
"iteration67.tre",3,7
"iteration68.tre",2,3
"iteration69.tre",2,2
"iteration70.tre",2,2
"iteration71.tre",2,2
"iteration72.tre",5,16
"iteration73.tre",2,2
"iteration74.tre",1,2
"iteration75.tre",1,2
"iteration76.tre",5,7
"iteration77.tre",3,6
"iteration78.tre",5,5
"iteration79.tre",2,2
"iteration80.tre",2,20
"iteration81.tre",2,2
"iteration82.tre",4,7
"iteration83.tre",2,3
"iteration84.tre",1,4
"iteration85.tre",3,7
"iteration86.tre",4,8
"iteration87.tre",5,8
"iteration88.tre",4,7
"iteration89.tre",2,2
"iteration90.tre",4,27
"iteration91.tre",2,2
"iteration92.tre",2,2
"iteration93.tre",2,5
"iteration94.tre",5,8
"iteration95.tre",2,2
"iteration96.tre",2,2
"iteration97.tre",2,6
"iteration98.tre",4,7
"iteration99.tre",3,7
"iteration100.tre",2,2
