"filename","clusters","entities"
"iteration1.tre",14,67
"iteration2.tre",14,69
"iteration3.tre",15,73
"iteration4.tre",13,63
"iteration5.tre",19,65
"iteration6.tre",13,69
"iteration7.tre",8,11
"iteration8.tre",16,65
"iteration9.tre",14,64
"iteration10.tre",14,68
"iteration11.tre",14,71
"iteration12.tre",13,70
"iteration13.tre",15,67
"iteration14.tre",14,63
"iteration15.tre",17,67
"iteration16.tre",13,60
"iteration17.tre",19,61
"iteration18.tre",14,69
"iteration19.tre",8,11
"iteration20.tre",15,68
"iteration21.tre",15,68
"iteration22.tre",15,69
"iteration23.tre",14,69
"iteration24.tre",14,64
"iteration25.tre",14,62
"iteration26.tre",14,75
"iteration27.tre",21,63
"iteration28.tre",12,63
"iteration29.tre",7,11
"iteration30.tre",8,11
"iteration31.tre",15,69
"iteration32.tre",18,68
"iteration33.tre",14,68
"iteration34.tre",15,70
"iteration35.tre",14,67
"iteration36.tre",15,63
"iteration37.tre",13,60
"iteration38.tre",16,63
"iteration39.tre",8,11
"iteration40.tre",10,72
"iteration41.tre",8,11
"iteration42.tre",16,64
"iteration43.tre",14,64
"iteration44.tre",14,76
"iteration45.tre",12,68
"iteration46.tre",13,71
"iteration47.tre",16,56
"iteration48.tre",20,61
"iteration49.tre",14,63
"iteration50.tre",15,67
"iteration51.tre",16,68
"iteration52.tre",15,66
"iteration53.tre",13,61
"iteration54.tre",17,69
"iteration55.tre",13,71
"iteration56.tre",14,69
"iteration57.tre",15,67
"iteration58.tre",15,64
"iteration59.tre",16,72
"iteration60.tre",15,66
"iteration61.tre",14,64
"iteration62.tre",12,63
"iteration63.tre",13,68
"iteration64.tre",8,11
"iteration65.tre",15,73
"iteration66.tre",14,69
"iteration67.tre",14,69
"iteration68.tre",15,66
"iteration69.tre",16,67
"iteration70.tre",14,69
"iteration71.tre",15,67
"iteration72.tre",17,68
"iteration73.tre",15,68
"iteration74.tre",8,11
"iteration75.tre",15,72
"iteration76.tre",14,68
"iteration77.tre",13,70
"iteration78.tre",16,63
"iteration79.tre",15,66
"iteration80.tre",15,70
"iteration81.tre",14,66
"iteration82.tre",20,66
"iteration83.tre",16,73
"iteration84.tre",14,66
"iteration85.tre",15,70
"iteration86.tre",14,69
"iteration87.tre",14,68
"iteration88.tre",13,67
"iteration89.tre",10,61
"iteration90.tre",14,71
"iteration91.tre",16,65
"iteration92.tre",15,67
"iteration93.tre",13,66
"iteration94.tre",16,56
"iteration95.tre",12,66
"iteration96.tre",16,64
"iteration97.tre",14,68
"iteration98.tre",17,71
"iteration99.tre",11,69
"iteration100.tre",14,73
