"filename","percentage_match","percentage_match_excl_singles","percentage_single_sample_GMYC_species","oversplitting_ratio","oversplitting_excl_singles"
"iteration1.tre",83.33,0,83.33,1.5,0.25
"iteration2.tre",50,50,0,0.4,0.4
"iteration3.tre",50,0,50,0.4,0.2
"iteration4.tre",50,0,50,0.5,0.25
"iteration5.tre",66.67,50,33.33,0.75,0.5
"iteration6.tre",50,0,50,0.4,0.2
"iteration7.tre",50,50,0,0.4,0.4
"iteration8.tre",100,100,30,2.5,1.75
"iteration9.tre",50,0,50,0.5,0.25
"iteration10.tre",50,50,0,0.5,0.5
"iteration11.tre",83.33,50,66.67,1.2,0.4
"iteration12.tre",80,50,60,1.25,0.5
"iteration13.tre",50,50,0,0.4,0.4
"iteration14.tre",50,50,0,0.5,0.5
"iteration15.tre",50,50,0,0.5,0.5
"iteration16.tre",50,50,0,0.4,0.4
"iteration17.tre",66.67,50,33.33,0.75,0.5
"iteration18.tre",50,50,0,0.4,0.4
"iteration19.tre",50,0,50,0.67,0.33
"iteration20.tre",50,50,0,0.5,0.5
"iteration21.tre",50,50,0,0.4,0.4
"iteration22.tre",100,100,33.33,1.8,1.2
"iteration23.tre",50,50,0,0.5,0.5
"iteration24.tre",50,0,50,0.67,0.33
"iteration25.tre",83.33,66.67,50,1.5,0.75
"iteration26.tre",50,0,50,0.4,0.2
"iteration27.tre",50,50,0,0.5,0.5
"iteration28.tre",50,50,0,0.5,0.5
"iteration29.tre",50,50,0,0.5,0.5
"iteration30.tre",50,50,0,0.4,0.4
"iteration31.tre",50,50,0,0.4,0.4
"iteration32.tre",50,0,50,0.4,0.2
"iteration33.tre",50,50,0,0.5,0.5
"iteration34.tre",50,50,0,0.4,0.4
"iteration35.tre",50,50,0,0.5,0.5
"iteration36.tre",50,50,0,0.5,0.5
"iteration37.tre",50,0,50,0.5,0.25
"iteration38.tre",50,50,0,0.5,0.5
"iteration39.tre",85.71,75,42.86,2.33,1.33
"iteration40.tre",50,50,0,0.4,0.4
"iteration41.tre",50,0,50,0.5,0.25
"iteration42.tre",50,0,50,0.67,0.33
"iteration43.tre",50,0,50,0.4,0.2
"iteration44.tre",50,0,50,0.5,0.25
"iteration45.tre",83.33,66.67,50,1.5,0.75
"iteration46.tre",85.71,66.67,57.14,2.33,1
"iteration47.tre",50,50,0,0.4,0.4
"iteration48.tre",75,66.67,25,1,0.75
"iteration49.tre",50,50,0,0.5,0.5
"iteration50.tre",50,50,0,0.4,0.4
"iteration51.tre",50,0,50,0.4,0.2
"iteration52.tre",50,50,0,0.4,0.4
"iteration53.tre",50,50,0,0.5,0.5
"iteration54.tre",50,50,0,0.4,0.4
"iteration55.tre",50,0,50,0.4,0.2
"iteration56.tre",50,50,0,0.4,0.4
"iteration57.tre",50,50,0,0.5,0.5
"iteration58.tre",83.33,50,66.67,1.2,0.4
"iteration59.tre",50,0,50,0.5,0.25
"iteration60.tre",80,50,60,1,0.4
"iteration61.tre",50,50,0,0.4,0.4
"iteration62.tre",50,0,50,0.5,0.25
"iteration63.tre",50,50,0,0.67,0.67
"iteration64.tre",50,50,0,0.5,0.5
"iteration65.tre",75,66.67,25,0.8,0.6
"iteration66.tre",50,50,0,0.4,0.4
"iteration67.tre",50,0,50,0.4,0.2
"iteration68.tre",50,50,0,0.4,0.4
"iteration69.tre",83.33,50,66.67,1.2,0.4
"iteration70.tre",66.67,50,33.33,1,0.67
"iteration71.tre",50,0,50,0.67,0.33
"iteration72.tre",50,50,0,0.4,0.4
"iteration73.tre",85.71,75,42.86,1.4,0.8
"iteration74.tre",80,50,60,1,0.4
"iteration75.tre",50,50,0,0.4,0.4
"iteration76.tre",66.67,50,33.33,0.6,0.4
"iteration77.tre",83.33,66.67,50,1.2,0.6
"iteration78.tre",83.33,50,66.67,1.5,0.5
"iteration79.tre",50,50,0,0.5,0.5
"iteration80.tre",50,0,50,0.5,0.25
"iteration81.tre",50,50,0,0.4,0.4
"iteration82.tre",50,50,0,0.5,0.5
"iteration83.tre",50,50,0,0.4,0.4
"iteration84.tre",85.71,66.67,57.14,1.75,0.75
"iteration85.tre",50,50,0,0.4,0.4
"iteration86.tre",75,66.67,25,1.33,1
"iteration87.tre",50,50,0,0.5,0.5
"iteration88.tre",50,50,0,0.4,0.4
"iteration89.tre",50,50,0,0.5,0.5
"iteration90.tre",50,50,0,0.5,0.5
"iteration91.tre",50,50,0,0.4,0.4
"iteration92.tre",80,50,60,1,0.4
"iteration93.tre",50,50,0,0.4,0.4
"iteration94.tre",100,100,42.86,1.75,1
"iteration95.tre",100,100,42.86,1.4,0.8
"iteration96.tre",50,0,50,0.4,0.2
"iteration97.tre",50,0,50,0.5,0.25
"iteration98.tre",90,0,90,2,0.2
"iteration99.tre",50,0,50,0.4,0.2
"iteration100.tre",50,0,50,0.4,0.2
