"filename","percentage_match","percentage_match_excl_singles","percentage_single_sample_GMYC_species","oversplitting_ratio","oversplitting_excl_singles"
"iteration1.tre",50,50,0,0.4,0.4
"iteration2.tre",92.31,50,84.62,2.6,0.4
"iteration3.tre",87.5,83.33,25,1.6,1.2
"iteration4.tre",90,85.71,30,2,1.4
"iteration5.tre",90,85.71,30,2,1.4
"iteration6.tre",50,50,0,0.4,0.4
"iteration7.tre",50,50,0,0.4,0.4
"iteration8.tre",90.91,85.71,36.36,2.2,1.4
"iteration9.tre",85.71,75,42.86,1.4,0.8
"iteration10.tre",50,50,0,0.4,0.4
"iteration11.tre",87.5,80,37.5,1.6,1
"iteration12.tre",90,85.71,30,2,1.4
"iteration13.tre",90.91,87.5,27.27,2.2,1.6
"iteration14.tre",97.3,92.31,64.86,7.4,2.6
"iteration15.tre",90.91,87.5,27.27,2.2,1.6
"iteration16.tre",90,83.33,40,2,1.2
"iteration17.tre",96.3,83.33,77.78,5.4,1.2
"iteration18.tre",90.91,83.33,45.45,2.2,1.2
"iteration19.tre",90,80,50,2,1
"iteration20.tre",88.89,85.71,22.22,1.8,1.4
"iteration21.tre",97.22,90,72.22,7.2,2
"iteration22.tre",90,85.71,30,2,1.4
"iteration23.tre",90,85.71,30,2,1.4
"iteration24.tre",83.33,50,66.67,1.2,0.4
"iteration25.tre",87.5,80,37.5,1.6,1
"iteration26.tre",85.71,75,42.86,1.4,0.8
"iteration27.tre",90,85.71,30,2,1.4
"iteration28.tre",85.71,75,42.86,1.4,0.8
"iteration29.tre",85.71,75,42.86,1.4,0.8
"iteration30.tre",90,85.71,30,2,1.4
"iteration31.tre",50,50,0,0.4,0.4
"iteration32.tre",88.89,83.33,33.33,1.8,1.2
"iteration33.tre",87.5,80,37.5,1.6,1
"iteration34.tre",100,100,65,8,2.8
"iteration35.tre",97.62,50,95.24,8.4,0.4
"iteration36.tre",100,100,58.62,5.8,2.4
"iteration37.tre",88.89,83.33,33.33,1.8,1.2
"iteration38.tre",100,100,71.43,7,2
"iteration39.tre",100,100,81.63,9.8,1.8
"iteration40.tre",75,0,75,0.8,0.2
"iteration41.tre",88.89,83.33,33.33,1.8,1.2
"iteration42.tre",50,50,0,0.4,0.4
"iteration43.tre",96.67,87.5,73.33,6,1.6
"iteration44.tre",87.5,66.67,62.5,1.6,0.6
"iteration45.tre",100,100,76.74,8.6,2
"iteration46.tre",75,66.67,25,0.8,0.6
"iteration47.tre",96.43,75,85.71,5.6,0.8
"iteration48.tre",87.5,80,37.5,1.6,1
"iteration49.tre",90.91,87.5,27.27,2.2,1.6
"iteration50.tre",100,100,82,10,1.8
"iteration51.tre",80,75,20,1,0.8
"iteration52.tre",90,66.67,70,2,0.6
"iteration53.tre",96.15,85.71,73.08,5.2,1.4
"iteration54.tre",88.89,85.71,22.22,1.8,1.4
"iteration55.tre",83.33,50,66.67,1.2,0.4
"iteration56.tre",87.5,80,37.5,1.6,1
"iteration57.tre",90,83.33,40,2,1.2
"iteration58.tre",90,83.33,40,2,1.2
"iteration59.tre",96.88,85.71,78.12,6.4,1.4
"iteration60.tre",97.5,50,95,8,0.4
"iteration61.tre",100,100,65.62,6.4,2.2
"iteration62.tre",75,66.67,25,0.8,0.6
"iteration63.tre",75,66.67,25,0.8,0.6
"iteration64.tre",50,50,0,0.4,0.4
"iteration65.tre",88.89,80,44.44,1.8,1
"iteration66.tre",96.67,66.67,90,6,0.6
"iteration67.tre",90,83.33,40,2,1.2
"iteration68.tre",96.55,85.71,75.86,5.8,1.4
"iteration69.tre",96.97,66.67,90.91,6.6,0.6
"iteration70.tre",88.89,83.33,33.33,1.8,1.2
"iteration71.tre",50,50,0,0.4,0.4
"iteration72.tre",88.89,83.33,33.33,1.8,1.2
"iteration73.tre",83.33,80,16.67,1.2,1
"iteration74.tre",75,66.67,25,0.8,0.6
"iteration75.tre",88.89,83.33,33.33,1.8,1.2
"iteration76.tre",75,66.67,25,0.8,0.6
"iteration77.tre",90.91,87.5,27.27,2.2,1.6
"iteration78.tre",100,100,55.26,7.6,3.4
"iteration79.tre",87.5,75,50,1.6,0.8
"iteration80.tre",85.71,75,42.86,1.4,0.8
"iteration81.tre",91.67,87.5,33.33,2.4,1.6
"iteration82.tre",87.5,80,37.5,1.6,1
"iteration83.tre",88.89,83.33,33.33,1.8,1.2
"iteration84.tre",83.33,80,16.67,1.2,1
"iteration85.tre",88.89,80,44.44,1.8,1
"iteration86.tre",88.89,83.33,33.33,1.8,1.2
"iteration87.tre",50,50,0,0.4,0.4
"iteration88.tre",88.89,85.71,22.22,1.8,1.4
"iteration89.tre",50,50,0,0.4,0.4
"iteration90.tre",80,75,20,1,0.8
"iteration91.tre",83.33,80,16.67,1.2,1
"iteration92.tre",97.67,75,90.7,8.6,0.8
"iteration93.tre",50,50,0,0.4,0.4
"iteration94.tre",100,100,78.72,9.4,2
"iteration95.tre",88.89,83.33,33.33,1.8,1.2
"iteration96.tre",100,100,80,10,2
"iteration97.tre",96.77,80,83.87,6.2,1
"iteration98.tre",100,100,81.82,8.8,1.6
"iteration99.tre",90,83.33,40,2,1.2
"iteration100.tre",90,83.33,40,2,1.2
