"filename","percentage_match","percentage_match_excl_singles","percentage_single_sample_GMYC_species","oversplitting_ratio","oversplitting_excl_singles"
"iteration1.tre",100,100,75,8,2
"iteration2.tre",90,80,50,2,1
"iteration3.tre",96.97,80,84.85,6.6,1
"iteration4.tre",91.67,87.5,33.33,2.4,1.6
"iteration5.tre",96,83.33,76,5,1.2
"iteration6.tre",90,80,50,2,1
"iteration7.tre",100,100,71.43,8.4,2.4
"iteration8.tre",83.33,80,16.67,1.2,1
"iteration9.tre",100,100,79.63,10.8,2.2
"iteration10.tre",97.87,88.89,80.85,9.4,1.8
"iteration11.tre",100,100,78.43,10.2,2.2
"iteration12.tre",100,100,80.33,12.2,2.4
"iteration13.tre",90,85.71,30,2,1.4
"iteration14.tre",96.67,90,66.67,6,2
"iteration15.tre",92.31,87.5,38.46,2.6,1.6
"iteration16.tre",97.22,85.71,80.56,7.2,1.4
"iteration17.tre",100,100,80.39,10.2,2
"iteration18.tre",88.89,83.33,33.33,1.8,1.2
"iteration19.tre",90,88.89,10,2,1.8
"iteration20.tre",83.33,80,16.67,1.2,1
"iteration21.tre",100,100,63.46,10.4,3.8
"iteration22.tre",90.91,85.71,36.36,2.2,1.4
"iteration23.tre",88.89,83.33,33.33,1.8,1.2
"iteration24.tre",91.67,88.89,25,2.4,1.8
"iteration25.tre",92.31,88.89,30.77,2.6,1.8
"iteration26.tre",100,100,78.57,11.2,2.4
"iteration27.tre",100,100,67.35,9.8,3.2
"iteration28.tre",83.33,80,16.67,1.2,1
"iteration29.tre",50,50,0,0.4,0.4
"iteration30.tre",96.97,83.33,81.82,6.6,1.2
"iteration31.tre",96.77,87.5,74.19,6.2,1.6
"iteration32.tre",91.67,85.71,41.67,2.4,1.4
"iteration33.tre",50,50,0,0.4,0.4
"iteration34.tre",90,83.33,40,2,1.2
"iteration35.tre",91.67,85.71,41.67,2.4,1.4
"iteration36.tre",88.89,83.33,33.33,1.8,1.2
"iteration37.tre",90.91,85.71,36.36,2.2,1.4
"iteration38.tre",91.67,87.5,33.33,2.4,1.6
"iteration39.tre",96.88,85.71,78.12,6.4,1.4
"iteration40.tre",97.92,90,79.17,9.6,2
"iteration41.tre",85.71,83.33,14.29,1.4,1.2
"iteration42.tre",90,85.71,30,2,1.4
"iteration43.tre",100,100,76.6,9.4,2.2
"iteration44.tre",90.91,85.71,36.36,2.2,1.4
"iteration45.tre",98.11,90.91,79.25,10.6,2.2
"iteration46.tre",83.33,80,16.67,1.2,1
"iteration47.tre",97.92,91.67,75,9.6,2.4
"iteration48.tre",100,100,76.36,11,2.6
"iteration49.tre",88.89,87.5,11.11,1.8,1.6
"iteration50.tre",100,100,81.48,10.8,2
"iteration51.tre",92.31,90,23.08,2.6,2
"iteration52.tre",100,100,80.39,10.2,2
"iteration53.tre",97.44,80,87.18,7.8,1
"iteration54.tre",97.37,80,86.84,7.6,1
"iteration55.tre",83.33,80,16.67,1.2,1
"iteration56.tre",85.71,83.33,14.29,1.4,1.2
"iteration57.tre",98.08,50,96.15,10.4,0.4
"iteration58.tre",100,100,80,10,2
"iteration59.tre",100,100,76,10,2.4
"iteration60.tre",97.5,50,95,8,0.4
"iteration61.tre",50,50,0,0.4,0.4
"iteration62.tre",87.5,80,37.5,1.6,1
"iteration63.tre",96.3,91.67,55.56,5.4,2.4
"iteration64.tre",90,85.71,30,2,1.4
"iteration65.tre",83.33,80,16.67,1.2,1
"iteration66.tre",90,80,50,2,1
"iteration67.tre",98.15,83.33,88.89,10.8,1.2
"iteration68.tre",92.31,85.71,46.15,2.6,1.4
"iteration69.tre",100,100,81.13,10.6,2
"iteration70.tre",90,83.33,40,2,1.2
"iteration71.tre",100,100,78.95,11.4,2.4
"iteration72.tre",96.43,87.5,71.43,5.6,1.6
"iteration73.tre",96.97,90,69.7,6.6,2
"iteration74.tre",87.5,80,37.5,1.6,1
"iteration75.tre",90.91,87.5,27.27,2.2,1.6
"iteration76.tre",88.89,80,44.44,1.8,1
"iteration77.tre",85.71,83.33,14.29,1.4,1.2
"iteration78.tre",83.33,80,16.67,1.2,1
"iteration79.tre",83.33,66.67,50,1.2,0.6
"iteration80.tre",98.18,90,81.82,11,2
"iteration81.tre",91.67,87.5,33.33,2.4,1.6
"iteration82.tre",100,100,79.69,12.8,2.6
"iteration83.tre",100,100,71.43,9.8,2.8
"iteration84.tre",100,100,61.9,8.4,3.2
"iteration85.tre",96.88,87.5,75,6.4,1.6
"iteration86.tre",97.78,90.91,75.56,9,2.2
"iteration87.tre",88.89,83.33,33.33,1.8,1.2
"iteration88.tre",91.67,87.5,33.33,2.4,1.6
"iteration89.tre",90.91,85.71,36.36,2.2,1.4
"iteration90.tre",100,100,74.47,9.4,2.4
"iteration91.tre",97.92,91.67,75,9.6,2.4
"iteration92.tre",100,100,65.96,9.4,3.2
"iteration93.tre",90,83.33,40,2,1.2
"iteration94.tre",83.33,80,16.67,1.2,1
"iteration95.tre",85.71,83.33,14.29,1.4,1.2
"iteration96.tre",100,100,72.92,9.6,2.6
"iteration97.tre",98.04,80,90.2,10.2,1
"iteration98.tre",75,66.67,25,0.8,0.6
"iteration99.tre",50,50,0,0.4,0.4
"iteration100.tre",90,83.33,40,2,1.2
