"filename","percentage_match","percentage_match_excl_singles","percentage_single_sample_GMYC_species","oversplitting_ratio","oversplitting_excl_singles"
"iteration1.tre",98.51,92.86,79.1,13.4,2.8
"iteration2.tre",100,100,79.71,13.8,2.8
"iteration3.tre",100,100,79.45,14.6,3
"iteration4.tre",98.41,92.31,79.37,12.6,2.6
"iteration5.tre",100,100,70.77,13,3.8
"iteration6.tre",100,100,81.16,13.8,2.6
"iteration7.tre",90.91,87.5,27.27,2.2,1.6
"iteration8.tre",100,100,75.38,13,3.2
"iteration9.tre",98.44,92.86,78.12,12.8,2.8
"iteration10.tre",100,100,79.41,13.6,2.8
"iteration11.tre",100,100,80.28,14.2,2.8
"iteration12.tre",100,100,81.43,14,2.6
"iteration13.tre",100,100,77.61,13.4,3
"iteration14.tre",100,100,77.78,12.6,2.8
"iteration15.tre",100,100,74.63,13.4,3.4
"iteration16.tre",100,100,78.33,12,2.6
"iteration17.tre",100,100,68.85,12.2,3.8
"iteration18.tre",100,100,79.71,13.8,2.8
"iteration19.tre",90.91,87.5,27.27,2.2,1.6
"iteration20.tre",100,100,77.94,13.6,3
"iteration21.tre",100,100,77.94,13.6,3
"iteration22.tre",100,100,78.26,13.8,3
"iteration23.tre",100,100,79.71,13.8,2.8
"iteration24.tre",100,100,78.12,12.8,2.8
"iteration25.tre",98.39,92.86,77.42,12.4,2.8
"iteration26.tre",100,100,81.33,15,2.8
"iteration27.tre",100,100,66.67,12.6,4.2
"iteration28.tre",98.41,91.67,80.95,12.6,2.4
"iteration29.tre",90.91,85.71,36.36,2.2,1.4
"iteration30.tre",90.91,87.5,27.27,2.2,1.6
"iteration31.tre",100,100,78.26,13.8,3
"iteration32.tre",100,100,73.53,13.6,3.6
"iteration33.tre",100,100,79.41,13.6,2.8
"iteration34.tre",100,100,78.57,14,3
"iteration35.tre",100,100,79.1,13.4,2.8
"iteration36.tre",100,100,76.19,12.6,3
"iteration37.tre",100,100,78.33,12,2.6
"iteration38.tre",100,100,74.6,12.6,3.2
"iteration39.tre",90.91,87.5,27.27,2.2,1.6
"iteration40.tre",98.61,90,86.11,14.4,2
"iteration41.tre",90.91,87.5,27.27,2.2,1.6
"iteration42.tre",100,100,75,12.8,3.2
"iteration43.tre",98.44,92.86,78.12,12.8,2.8
"iteration44.tre",100,100,81.58,15.2,2.8
"iteration45.tre",100,100,82.35,13.6,2.4
"iteration46.tre",100,100,81.69,14.2,2.6
"iteration47.tre",100,100,71.43,11.2,3.2
"iteration48.tre",100,100,67.21,12.2,4
"iteration49.tre",100,100,77.78,12.6,2.8
"iteration50.tre",100,100,77.61,13.4,3
"iteration51.tre",100,100,76.47,13.6,3.2
"iteration52.tre",98.48,93.33,77.27,13.2,3
"iteration53.tre",98.36,92.31,78.69,12.2,2.6
"iteration54.tre",100,100,75.36,13.8,3.4
"iteration55.tre",100,100,81.69,14.2,2.6
"iteration56.tre",100,100,79.71,13.8,2.8
"iteration57.tre",100,100,77.61,13.4,3
"iteration58.tre",98.44,93.33,76.56,12.8,3
"iteration59.tre",100,100,77.78,14.4,3.2
"iteration60.tre",100,100,77.27,13.2,3
"iteration61.tre",100,100,78.12,12.8,2.8
"iteration62.tre",100,100,80.95,12.6,2.4
"iteration63.tre",100,100,80.88,13.6,2.6
"iteration64.tre",90.91,87.5,27.27,2.2,1.6
"iteration65.tre",100,100,79.45,14.6,3
"iteration66.tre",100,100,79.71,13.8,2.8
"iteration67.tre",100,100,79.71,13.8,2.8
"iteration68.tre",100,100,77.27,13.2,3
"iteration69.tre",100,100,76.12,13.4,3.2
"iteration70.tre",100,100,79.71,13.8,2.8
"iteration71.tre",100,100,77.61,13.4,3
"iteration72.tre",100,100,75,13.6,3.4
"iteration73.tre",98.53,93.33,77.94,13.6,3
"iteration74.tre",90.91,87.5,27.27,2.2,1.6
"iteration75.tre",100,100,79.17,14.4,3
"iteration76.tre",100,100,79.41,13.6,2.8
"iteration77.tre",100,100,81.43,14,2.6
"iteration78.tre",100,100,74.6,12.6,3.2
"iteration79.tre",98.48,93.33,77.27,13.2,3
"iteration80.tre",100,100,78.57,14,3
"iteration81.tre",100,100,78.79,13.2,2.8
"iteration82.tre",100,100,69.7,13.2,4
"iteration83.tre",100,100,78.08,14.6,3.2
"iteration84.tre",100,100,78.79,13.2,2.8
"iteration85.tre",100,100,78.57,14,3
"iteration86.tre",100,100,79.71,13.8,2.8
"iteration87.tre",100,100,79.41,13.6,2.8
"iteration88.tre",100,100,80.6,13.4,2.6
"iteration89.tre",98.36,90,83.61,12.2,2
"iteration90.tre",100,100,80.28,14.2,2.8
"iteration91.tre",100,100,75.38,13,3.2
"iteration92.tre",100,100,77.61,13.4,3
"iteration93.tre",100,100,80.3,13.2,2.6
"iteration94.tre",100,100,71.43,11.2,3.2
"iteration95.tre",100,100,81.82,13.2,2.4
"iteration96.tre",98.44,93.75,75,12.8,3.2
"iteration97.tre",98.53,92.86,79.41,13.6,2.8
"iteration98.tre",100,100,76.06,14.2,3.4
"iteration99.tre",100,100,84.06,13.8,2.2
"iteration100.tre",100,100,80.82,14.6,2.8
