"filename","percentage_match","percentage_match_excl_singles","percentage_single_sample_GMYC_species","oversplitting_ratio","oversplitting_excl_singles"
"iteration1.tre",90,50,80,2.5,0.5
"iteration2.tre",85.71,75,42.86,1.4,0.8
"iteration3.tre",50,50,0,0.4,0.4
"iteration4.tre",50,50,0,0.4,0.4
"iteration5.tre",87.5,75,50,1.6,0.8
"iteration6.tre",87.5,75,50,1.6,0.8
"iteration7.tre",50,50,0,0.4,0.4
"iteration8.tre",83.33,66.67,50,1.2,0.6
"iteration9.tre",100,100,90.32,6.2,0.6
"iteration10.tre",85.71,75,42.86,1.4,0.8
"iteration11.tre",75,66.67,25,0.8,0.6
"iteration12.tre",50,0,50,0.4,0.2
"iteration13.tre",50,50,0,0.5,0.5
"iteration14.tre",50,50,0,0.4,0.4
"iteration15.tre",80,66.67,40,1,0.6
"iteration16.tre",50,50,0,0.4,0.4
"iteration17.tre",50,50,0,0.4,0.4
"iteration18.tre",88.89,83.33,33.33,1.8,1.2
"iteration19.tre",87.5,75,50,1.6,0.8
"iteration20.tre",83.33,66.67,50,1.2,0.6
"iteration21.tre",87.5,80,37.5,1.6,1
"iteration22.tre",85.71,75,42.86,1.4,0.8
"iteration23.tre",95.83,80,79.17,4.8,1
"iteration24.tre",93.33,85.71,53.33,3,1.4
"iteration25.tre",91.67,80,58.33,2.4,1
"iteration26.tre",50,50,0,0.4,0.4
"iteration27.tre",83.33,66.67,50,1.5,0.75
"iteration28.tre",50,50,0,0.4,0.4
"iteration29.tre",87.5,80,37.5,1.6,1
"iteration30.tre",87.5,80,37.5,1.6,1
"iteration31.tre",93.33,75,73.33,3,0.8
"iteration32.tre",85.71,66.67,57.14,1.4,0.6
"iteration33.tre",50,50,0,0.4,0.4
"iteration34.tre",50,50,0,0.4,0.4
"iteration35.tre",85.71,75,42.86,1.4,0.8
"iteration36.tre",50,50,0,0.4,0.4
"iteration37.tre",50,50,0,0.4,0.4
"iteration38.tre",83.33,50,66.67,1.2,0.4
"iteration39.tre",85.71,66.67,57.14,1.4,0.6
"iteration40.tre",50,50,0,0.4,0.4
"iteration41.tre",85.71,75,42.86,1.4,0.8
"iteration42.tre",100,100,80,5,1
"iteration43.tre",90,75,60,2,0.8
"iteration44.tre",91.67,83.33,50,2.4,1.2
"iteration45.tre",85.71,75,42.86,1.4,0.8
"iteration46.tre",92.31,0,92.31,2.6,0.2
"iteration47.tre",50,50,0,0.4,0.4
"iteration48.tre",50,50,0,0.4,0.4
"iteration49.tre",85.71,75,42.86,1.4,0.8
"iteration50.tre",50,0,50,0.4,0.2
"iteration51.tre",85.71,80,28.57,1.4,1
"iteration52.tre",50,0,50,0.4,0.2
"iteration53.tre",50,50,0,0.4,0.4
"iteration54.tre",50,50,0,0.4,0.4
"iteration55.tre",100,100,85.71,5.6,0.8
"iteration56.tre",100,100,75,4.8,1.2
"iteration57.tre",90.91,83.33,45.45,2.2,1.2
"iteration58.tre",90.48,66.67,71.43,4.2,1.2
"iteration59.tre",90.91,80,54.55,2.2,1
"iteration60.tre",94.44,50,88.89,3.6,0.4
"iteration61.tre",93.33,80,66.67,3,1
"iteration62.tre",50,50,0,0.4,0.4
"iteration63.tre",50,50,0,0.4,0.4
"iteration64.tre",85.71,75,42.86,1.4,0.8
"iteration65.tre",87.5,66.67,62.5,1.6,0.6
"iteration66.tre",83.33,66.67,50,1.2,0.6
"iteration67.tre",85.71,66.67,57.14,1.4,0.6
"iteration68.tre",66.67,50,33.33,0.6,0.4
"iteration69.tre",50,50,0,0.4,0.4
"iteration70.tre",50,50,0,0.4,0.4
"iteration71.tre",50,50,0,0.5,0.5
"iteration72.tre",93.75,80,68.75,3.2,1
"iteration73.tre",50,50,0,0.4,0.4
"iteration74.tre",50,0,50,0.4,0.2
"iteration75.tre",50,0,50,0.4,0.2
"iteration76.tre",85.71,80,28.57,1.4,1
"iteration77.tre",83.33,66.67,50,1.2,0.6
"iteration78.tre",80,80,0,1.25,1.25
"iteration79.tre",50,50,0,0.4,0.4
"iteration80.tre",95,50,90,4,0.4
"iteration81.tre",50,50,0,0.4,0.4
"iteration82.tre",85.71,75,42.86,1.4,0.8
"iteration83.tre",66.67,50,33.33,0.75,0.5
"iteration84.tre",75,0,75,0.8,0.2
"iteration85.tre",85.71,66.67,57.14,1.4,0.6
"iteration86.tre",87.5,75,50,1.6,0.8
"iteration87.tre",87.5,80,37.5,1.6,1
"iteration88.tre",85.71,75,42.86,1.75,1
"iteration89.tre",50,50,0,0.5,0.5
"iteration90.tre",100,100,85.19,6.75,1
"iteration91.tre",50,50,0,0.4,0.4
"iteration92.tre",50,50,0,0.4,0.4
"iteration93.tre",80,50,60,1,0.4
"iteration94.tre",87.5,80,37.5,1.6,1
"iteration95.tre",50,50,0,0.4,0.4
"iteration96.tre",50,50,0,0.4,0.4
"iteration97.tre",83.33,50,66.67,1.2,0.4
"iteration98.tre",85.71,75,42.86,1.75,1
"iteration99.tre",85.71,66.67,57.14,1.4,0.6
"iteration100.tre",50,50,0,0.4,0.4
