"filename","percentage_match","percentage_match_excl_singles","percentage_single_sample_GMYC_species","oversplitting_ratio","oversplitting_excl_singles"
"iteration1.tre",87.5,80,37.5,1.6,1
"iteration2.tre",97.22,85.71,80.56,7.2,1.4
"iteration3.tre",50,50,0,0.4,0.4
"iteration4.tre",85.71,66.67,57.14,1.4,0.6
"iteration5.tre",95,83.33,70,4,1.2
"iteration6.tre",90,85.71,30,2,1.4
"iteration7.tre",50,50,0,0.4,0.4
"iteration8.tre",87.5,66.67,62.5,1.6,0.6
"iteration9.tre",85.71,75,42.86,1.4,0.8
"iteration10.tre",96.88,85.71,78.12,6.4,1.4
"iteration11.tre",90.91,87.5,27.27,2.2,1.6
"iteration12.tre",50,50,0,0.4,0.4
"iteration13.tre",97.22,87.5,77.78,7.2,1.6
"iteration14.tre",50,50,0,0.4,0.4
"iteration15.tre",50,0,50,0.4,0.2
"iteration16.tre",97.22,83.33,83.33,7.2,1.2
"iteration17.tre",91.67,87.5,33.33,2.4,1.6
"iteration18.tre",75,66.67,25,0.8,0.6
"iteration19.tre",83.33,66.67,50,1.2,0.6
"iteration20.tre",85.71,75,42.86,1.4,0.8
"iteration21.tre",96.55,50,93.1,5.8,0.4
"iteration22.tre",97.62,80,88.1,8.4,1
"iteration23.tre",88.89,83.33,33.33,1.8,1.2
"iteration24.tre",75,66.67,25,0.8,0.6
"iteration25.tre",96.77,50,93.55,6.2,0.4
"iteration26.tre",100,100,71.05,7.6,2.2
"iteration27.tre",50,50,0,0.4,0.4
"iteration28.tre",87.5,80,37.5,1.6,1
"iteration29.tre",96.88,80,84.38,6.4,1
"iteration30.tre",85.71,75,42.86,1.4,0.8
"iteration31.tre",87.5,80,37.5,1.6,1
"iteration32.tre",87.5,80,37.5,1.6,1
"iteration33.tre",96.15,66.67,88.46,5.2,0.6
"iteration34.tre",87.5,80,37.5,1.6,1
"iteration35.tre",87.5,75,50,1.6,0.8
"iteration36.tre",50,50,0,0.4,0.4
"iteration37.tre",87.5,80,37.5,1.6,1
"iteration38.tre",97.06,50,94.12,6.8,0.4
"iteration39.tre",100,100,72,5,1.4
"iteration40.tre",50,0,50,0.4,0.2
"iteration41.tre",90.91,85.71,36.36,2.2,1.4
"iteration42.tre",100,100,56.52,4.6,2
"iteration43.tre",83.33,66.67,50,1.2,0.6
"iteration44.tre",95.83,85.71,70.83,4.8,1.4
"iteration45.tre",75,66.67,25,0.8,0.6
"iteration46.tre",50,50,0,0.4,0.4
"iteration47.tre",100,100,83.33,8.4,1.4
"iteration48.tre",50,50,0,0.4,0.4
"iteration49.tre",85.71,75,42.86,1.4,0.8
"iteration50.tre",83.33,66.67,50,1.2,0.6
"iteration51.tre",85.71,66.67,57.14,1.4,0.6
"iteration52.tre",50,50,0,0.4,0.4
"iteration53.tre",85.71,75,42.86,1.4,0.8
"iteration54.tre",85.71,75,42.86,1.4,0.8
"iteration55.tre",87.5,66.67,62.5,1.6,0.6
"iteration56.tre",97.06,75,88.24,6.8,0.8
"iteration57.tre",85.71,75,42.86,1.4,0.8
"iteration58.tre",50,50,0,0.4,0.4
"iteration59.tre",90.91,85.71,36.36,2.2,1.4
"iteration60.tre",50,50,0,0.4,0.4
"iteration61.tre",97.44,66.67,92.31,7.8,0.6
"iteration62.tre",87.5,75,50,1.6,0.8
"iteration63.tre",87.5,75,50,1.6,0.8
"iteration64.tre",50,50,0,0.4,0.4
"iteration65.tre",97.67,87.5,81.4,8.6,1.6
"iteration66.tre",75,66.67,25,0.8,0.6
"iteration67.tre",91.67,90,16.67,2.4,2
"iteration68.tre",100,100,85,8,1.2
"iteration69.tre",88.89,80,44.44,1.8,1
"iteration70.tre",83.33,75,33.33,1.2,0.8
"iteration71.tre",92.31,90,23.08,2.6,2
"iteration72.tre",87.5,75,50,1.6,0.8
"iteration73.tre",88.89,80,44.44,1.8,1
"iteration74.tre",97.14,50,94.29,7,0.4
"iteration75.tre",50,50,0,0.4,0.4
"iteration76.tre",50,50,0,0.4,0.4
"iteration77.tre",97.44,80,87.18,7.8,1
"iteration78.tre",50,50,0,0.4,0.4
"iteration79.tre",80,66.67,40,1,0.6
"iteration80.tre",85.71,75,42.86,1.4,0.8
"iteration81.tre",87.5,83.33,25,1.6,1.2
"iteration82.tre",87.5,80,37.5,1.6,1
"iteration83.tre",100,100,75,7.2,1.8
"iteration84.tre",85.71,75,42.86,1.4,0.8
"iteration85.tre",85.71,75,42.86,1.4,0.8
"iteration86.tre",100,100,70,8,2.4
"iteration87.tre",85.71,75,42.86,1.4,0.8
"iteration88.tre",83.33,66.67,50,1.2,0.6
"iteration89.tre",88.89,83.33,33.33,1.8,1.2
"iteration90.tre",85.71,75,42.86,1.4,0.8
"iteration91.tre",97.5,83.33,85,8,1.2
"iteration92.tre",90,87.5,20,2,1.6
"iteration93.tre",100,100,83.72,8.6,1.4
"iteration94.tre",90.91,85.71,36.36,2.2,1.4
"iteration95.tre",90.91,87.5,27.27,2.2,1.6
"iteration96.tre",95.45,85.71,68.18,4.4,1.4
"iteration97.tre",87.5,66.67,62.5,1.6,0.6
"iteration98.tre",83.33,66.67,50,1.2,0.6
"iteration99.tre",80,75,20,1,0.8
"iteration100.tre",85.71,75,42.86,1.4,0.8
