"filename","percentage_match","percentage_match_excl_singles","percentage_single_sample_GMYC_species","oversplitting_ratio","oversplitting_excl_singles"
"iteration1.tre",100,100,78.18,11,2.4
"iteration2.tre",97.06,88.89,73.53,6.8,1.8
"iteration3.tre",50,50,0,0.4,0.4
"iteration4.tre",97.44,90.91,71.79,7.8,2.2
"iteration5.tre",50,50,0,0.4,0.4
"iteration6.tre",83.33,50,66.67,1.2,0.4
"iteration7.tre",88.89,83.33,33.33,1.8,1.2
"iteration8.tre",100,100,59.38,6.4,2.6
"iteration9.tre",100,100,70.45,8.8,2.6
"iteration10.tre",90,85.71,30,2,1.4
"iteration11.tre",92.86,88.89,35.71,2.8,1.8
"iteration12.tre",97.06,91.67,64.71,6.8,2.4
"iteration13.tre",85.71,66.67,57.14,1.4,0.6
"iteration14.tre",90,83.33,40,2,1.2
"iteration15.tre",90.91,85.71,36.36,2.2,1.4
"iteration16.tre",90,85.71,30,2,1.4
"iteration17.tre",97.62,75,90.48,8.4,0.8
"iteration18.tre",88.89,83.33,33.33,1.8,1.2
"iteration19.tre",100,100,76.09,9.2,2.2
"iteration20.tre",100,100,68.89,9,2.8
"iteration21.tre",100,100,74,10,2.6
"iteration22.tre",88.89,83.33,33.33,1.8,1.2
"iteration23.tre",50,50,0,0.4,0.4
"iteration24.tre",100,100,74.55,11,2.8
"iteration25.tre",83.33,80,16.67,1.2,1
"iteration26.tre",90.91,83.33,45.45,2.2,1.2
"iteration27.tre",90.91,85.71,36.36,2.2,1.4
"iteration28.tre",83.33,50,66.67,1.2,0.4
"iteration29.tre",97.22,90.91,69.44,7.2,2.2
"iteration30.tre",97.67,85.71,83.72,8.6,1.4
"iteration31.tre",100,100,67.65,6.8,2.2
"iteration32.tre",97.5,85.71,82.5,8,1.4
"iteration33.tre",100,100,76.09,9.2,2.2
"iteration34.tre",90,83.33,40,2,1.2
"iteration35.tre",87.5,80,37.5,1.6,1
"iteration36.tre",87.5,80,37.5,1.6,1
"iteration37.tre",87.5,80,37.5,1.6,1
"iteration38.tre",90,83.33,40,2,1.2
"iteration39.tre",50,50,0,0.4,0.4
"iteration40.tre",90,83.33,40,2,1.2
"iteration41.tre",50,50,0,0.4,0.4
"iteration42.tre",88.89,83.33,33.33,1.8,1.2
"iteration43.tre",97.3,85.71,81.08,7.4,1.4
"iteration44.tre",66.67,50,33.33,0.6,0.4
"iteration45.tre",98,66.67,94,10,0.6
"iteration46.tre",83.33,80,16.67,1.2,1
"iteration47.tre",100,100,82.46,11.4,2
"iteration48.tre",50,50,0,0.4,0.4
"iteration49.tre",90.91,87.5,27.27,2.2,1.6
"iteration50.tre",98.08,87.5,84.62,10.4,1.6
"iteration51.tre",100,100,65.91,8.8,3
"iteration52.tre",97.96,90,79.59,9.8,2
"iteration53.tre",87.5,80,37.5,1.6,1
"iteration54.tre",83.33,80,16.67,1.2,1
"iteration55.tre",97.73,91.67,72.73,8.8,2.4
"iteration56.tre",95.45,83.33,72.73,4.4,1.2
"iteration57.tre",90,83.33,40,2,1.2
"iteration58.tre",88.89,83.33,33.33,1.8,1.2
"iteration59.tre",92.31,88.89,30.77,2.6,1.8
"iteration60.tre",97.5,50,95,8,0.4
"iteration61.tre",87.5,75,50,1.6,0.8
"iteration62.tre",97.14,87.5,77.14,7,1.6
"iteration63.tre",96.43,87.5,71.43,5.6,1.6
"iteration64.tre",90,83.33,40,2,1.2
"iteration65.tre",50,50,0,0.4,0.4
"iteration66.tre",50,50,0,0.4,0.4
"iteration67.tre",80,75,20,1,0.8
"iteration68.tre",96.88,85.71,78.12,6.4,1.4
"iteration69.tre",88.89,80,44.44,1.8,1
"iteration70.tre",90.91,87.5,27.27,2.2,1.6
"iteration71.tre",83.33,80,16.67,1.2,1
"iteration72.tre",83.33,80,16.67,1.2,1
"iteration73.tre",87.5,80,37.5,1.6,1
"iteration74.tre",91.67,88.89,25,2.4,1.8
"iteration75.tre",100,100,73.81,8.4,2.2
"iteration76.tre",90,85.71,30,2,1.4
"iteration77.tre",83.33,80,16.67,1.2,1
"iteration78.tre",83.33,80,16.67,1.2,1
"iteration79.tre",91.67,87.5,33.33,2.4,1.6
"iteration80.tre",83.33,80,16.67,1.2,1
"iteration81.tre",90.91,85.71,36.36,2.2,1.4
"iteration82.tre",90.91,87.5,27.27,2.2,1.6
"iteration83.tre",97.06,88.89,73.53,6.8,1.8
"iteration84.tre",97.22,85.71,80.56,7.2,1.4
"iteration85.tre",90,83.33,40,2,1.2
"iteration86.tre",90,83.33,40,2,1.2
"iteration87.tre",100,100,79.31,11.6,2.4
"iteration88.tre",90.91,88.89,18.18,2.2,1.8
"iteration89.tre",97.62,91.67,71.43,8.4,2.4
"iteration90.tre",97.67,90.91,74.42,8.6,2.2
"iteration91.tre",88.89,85.71,22.22,1.8,1.4
"iteration92.tre",87.5,80,37.5,1.6,1
"iteration93.tre",100,100,75.61,8.2,2
"iteration94.tre",96.97,87.5,75.76,6.6,1.6
"iteration95.tre",50,50,0,0.4,0.4
"iteration96.tre",100,100,83.33,10.8,1.8
"iteration97.tre",100,100,68.89,9,2.8
"iteration98.tre",90,83.33,40,2,1.2
"iteration99.tre",88.89,83.33,33.33,1.8,1.2
"iteration100.tre",90,80,50,2,1
