"","15","20","30","40"
"iteration1.tre",1.5,0.5,2.5,4.8
"iteration2.tre",0.4,0.4,1.4,1.4
"iteration3.tre",0.4,0.5,0.4,4.2
"iteration4.tre",0.5,0.4,0.4,0.4
"iteration5.tre",0.75,1.2,1.6,1.2
"iteration6.tre",0.4,0.4,1.6,3.8
"iteration7.tre",0.4,0.4,0.4,1.4
"iteration8.tre",2.5,0.5,1.2,1.8
"iteration9.tre",0.5,0.4,6.2,0.4
"iteration10.tre",0.5,1.5,1.4,2.2
"iteration11.tre",1.2,0.4,0.8,1.2
"iteration12.tre",1.25,0.4,0.4,1.4
"iteration13.tre",0.4,1,0.5,0.4
"iteration14.tre",0.5,0.4,0.4,7.6
"iteration15.tre",0.5,1.2,1,1.6
"iteration16.tre",0.4,2,0.4,1.4
"iteration17.tre",0.75,1.2,0.4,1.4
"iteration18.tre",0.4,0.5,1.8,5.2
"iteration19.tre",0.67,1.4,1.6,1.4
"iteration20.tre",0.5,1,1.2,1.6
"iteration21.tre",0.4,0.4,1.6,6.2
"iteration22.tre",1.8,3.8,1.4,5.4
"iteration23.tre",0.5,0.5,4.8,1.4
"iteration24.tre",0.67,0.4,3,1
"iteration25.tre",1.5,1.2,2.4,1.6
"iteration26.tre",0.4,1.75,0.4,0.4
"iteration27.tre",0.5,0.4,1.5,0.4
"iteration28.tre",0.5,0.4,0.4,6.6
"iteration29.tre",0.5,0.4,1.6,4.8
"iteration30.tre",0.4,0.6,1.6,1.4
"iteration31.tre",0.4,1.75,3,6.8
"iteration32.tre",0.4,1.2,1.4,1.4
"iteration33.tre",0.5,0.5,0.4,5.4
"iteration34.tre",0.4,0.4,0.4,0.4
"iteration35.tre",0.5,0.4,1.4,4.2
"iteration36.tre",0.5,0.4,0.4,0.4
"iteration37.tre",0.5,0.4,0.4,1.4
"iteration38.tre",0.5,0.4,1.2,3.6
"iteration39.tre",2.33,1.2,1.4,0.4
"iteration40.tre",0.4,1.4,0.4,1.25
"iteration41.tre",0.5,0.5,1.4,1.4
"iteration42.tre",0.67,1.25,5,1.6
"iteration43.tre",0.4,0.4,2,6.2
"iteration44.tre",0.5,1.25,2.4,1.6
"iteration45.tre",1.5,0.4,1.4,6
"iteration46.tre",2.33,1.25,2.6,0.4
"iteration47.tre",0.4,0.4,0.4,1.4
"iteration48.tre",1,0.4,0.4,2
"iteration49.tre",0.5,0.4,1.4,6
"iteration50.tre",0.4,0.5,0.4,1.6
"iteration51.tre",0.4,1.6,1.4,1.6
"iteration52.tre",0.4,0.4,0.4,1.4
"iteration53.tre",0.5,0.5,0.4,2
"iteration54.tre",0.4,0.4,0.4,1.4
"iteration55.tre",0.4,0.4,5.6,4
"iteration56.tre",0.4,0.4,4.8,1.6
"iteration57.tre",0.5,0.5,2.2,7
"iteration58.tre",1.2,0.4,4.2,0.4
"iteration59.tre",0.5,0.4,2.2,1.8
"iteration60.tre",1,1.2,3.6,2.2
"iteration61.tre",0.4,1.4,3,7.2
"iteration62.tre",0.5,0.4,0.4,1.2
"iteration63.tre",0.67,0.6,0.4,1.6
"iteration64.tre",0.5,0.4,1.4,4.8
"iteration65.tre",0.8,0.6,1.6,1.6
"iteration66.tre",0.4,0.4,1.2,1
"iteration67.tre",0.4,5.25,1.4,1.6
"iteration68.tre",0.4,0.5,0.6,4
"iteration69.tre",1.2,1.4,0.4,1.2
"iteration70.tre",1,1.2,0.4,4.4
"iteration71.tre",0.67,0.4,0.5,1
"iteration72.tre",0.4,0.4,3.2,1.4
"iteration73.tre",1.4,2.33,0.4,1.6
"iteration74.tre",1,0.4,0.4,0.4
"iteration75.tre",0.4,0.5,0.4,5.8
"iteration76.tre",0.6,1.2,1.4,2.8
"iteration77.tre",1.2,0.4,1.2,4.4
"iteration78.tre",1.5,0.4,1.25,1.8
"iteration79.tre",0.5,0.5,0.4,6.6
"iteration80.tre",0.5,0.4,4,0.4
"iteration81.tre",0.4,0.4,0.4,1.6
"iteration82.tre",0.5,0.4,1.4,0.4
"iteration83.tre",0.4,2,0.75,1.2
"iteration84.tre",1.75,0.4,0.8,0.4
"iteration85.tre",0.4,1.4,1.4,1.2
"iteration86.tre",1.33,0.4,1.6,0.4
"iteration87.tre",0.5,1.4,1.6,7.2
"iteration88.tre",0.4,0.5,1.75,6.8
"iteration89.tre",0.5,0.5,0.5,5.8
"iteration90.tre",0.5,1,6.75,1.8
"iteration91.tre",0.4,0.5,0.4,1.2
"iteration92.tre",1,0.4,0.4,1.8
"iteration93.tre",0.4,0.4,1,0.4
"iteration94.tre",1.75,0.4,1.6,1.4
"iteration95.tre",1.4,0.4,0.4,5
"iteration96.tre",0.4,0.5,0.4,0.4
"iteration97.tre",0.5,0.4,1.2,1
"iteration98.tre",2,0.4,1.75,0.4
"iteration99.tre",0.4,0.5,1.4,0.4
"iteration100.tre",0.4,1,0.4,1.4
