"","15","20","30","40"
"iteration1.tre",0.25,0.25,0.5,0.8
"iteration2.tre",0.4,0.4,0.8,0.8
"iteration3.tre",0.2,0.5,0.4,0.6
"iteration4.tre",0.25,0.4,0.4,0.4
"iteration5.tre",0.5,0.6,0.8,0.6
"iteration6.tre",0.2,0.4,0.8,1
"iteration7.tre",0.4,0.4,0.4,1
"iteration8.tre",1.75,0.5,0.6,1.6
"iteration9.tre",0.25,0.4,0.6,0.4
"iteration10.tre",0.5,0.75,0.8,0.4
"iteration11.tre",0.4,0.4,0.6,0.4
"iteration12.tre",0.5,0.4,0.2,0.6
"iteration13.tre",0.4,0.4,0.5,0.4
"iteration14.tre",0.5,0.4,0.4,1.4
"iteration15.tre",0.5,0.6,0.6,0.6
"iteration16.tre",0.4,0.4,0.4,0.6
"iteration17.tre",0.5,0.4,0.4,0.6
"iteration18.tre",0.4,0.5,1.2,1.4
"iteration19.tre",0.33,0.6,0.8,0.8
"iteration20.tre",0.5,0.4,0.6,0.8
"iteration21.tre",0.4,0.2,1,0.6
"iteration22.tre",1.2,1,0.8,1.4
"iteration23.tre",0.5,0.5,1,0.8
"iteration24.tre",0.33,0.4,1.4,0.4
"iteration25.tre",0.75,0.6,1,0.8
"iteration26.tre",0.2,0.5,0.4,0.4
"iteration27.tre",0.5,0.4,0.75,0.2
"iteration28.tre",0.5,0.2,0.4,1.2
"iteration29.tre",0.5,0.4,1,0.8
"iteration30.tre",0.4,0.4,1,0.8
"iteration31.tre",0.4,1,0.8,1.2
"iteration32.tre",0.2,0.6,0.6,0.8
"iteration33.tre",0.5,0.5,0.4,1.2
"iteration34.tre",0.4,0.2,0.4,0.4
"iteration35.tre",0.5,0.4,0.8,0.8
"iteration36.tre",0.5,0.4,0.4,0.4
"iteration37.tre",0.25,0.4,0.4,0.8
"iteration38.tre",0.5,0.4,0.4,1.4
"iteration39.tre",1.33,0.8,0.6,0.4
"iteration40.tre",0.4,0.6,0.4,0.5
"iteration41.tre",0.25,0.5,0.8,0.8
"iteration42.tre",0.33,0.5,1,1
"iteration43.tre",0.2,0.4,0.8,0.8
"iteration44.tre",0.25,0.5,1.2,1
"iteration45.tre",0.75,0.4,0.8,1.2
"iteration46.tre",1,0.25,0.2,0.4
"iteration47.tre",0.4,0.4,0.4,0.8
"iteration48.tre",0.75,0.4,0.4,1.25
"iteration49.tre",0.5,0.4,0.8,0.8
"iteration50.tre",0.4,0.5,0.2,0.8
"iteration51.tre",0.2,0.4,1,1
"iteration52.tre",0.4,0.4,0.2,0.6
"iteration53.tre",0.5,0.5,0.4,1.4
"iteration54.tre",0.4,0.2,0.4,0.8
"iteration55.tre",0.2,0.4,0.8,0.8
"iteration56.tre",0.4,0.4,1.2,1
"iteration57.tre",0.5,0.5,1.2,1.25
"iteration58.tre",0.4,0.2,1.2,0.4
"iteration59.tre",0.25,0.4,1,1.2
"iteration60.tre",0.4,0.4,0.4,1
"iteration61.tre",0.4,0.8,1,1.4
"iteration62.tre",0.25,0.4,0.4,0.6
"iteration63.tre",0.67,0.4,0.4,1
"iteration64.tre",0.5,0.2,0.8,2
"iteration65.tre",0.6,0.4,0.6,1
"iteration66.tre",0.4,0.2,0.6,0.6
"iteration67.tre",0.2,1.25,0.6,1
"iteration68.tre",0.4,0.25,0.4,1
"iteration69.tre",0.4,0.6,0.4,0.4
"iteration70.tre",0.67,0.4,0.4,1.2
"iteration71.tre",0.33,0.2,0.5,0.4
"iteration72.tre",0.4,0.4,1,0.4
"iteration73.tre",0.8,1.33,0.4,0.8
"iteration74.tre",0.4,0.4,0.2,0.4
"iteration75.tre",0.4,0.5,0.2,1.4
"iteration76.tre",0.4,0.6,1,0.6
"iteration77.tre",0.6,0.4,0.6,1.4
"iteration78.tre",0.5,0.4,1.25,1.2
"iteration79.tre",0.5,0.5,0.4,0.8
"iteration80.tre",0.25,0.4,0.4,0.4
"iteration81.tre",0.4,0.4,0.4,1
"iteration82.tre",0.5,0.4,0.8,0.2
"iteration83.tre",0.4,1.25,0.5,0.6
"iteration84.tre",0.75,0.4,0.2,0.4
"iteration85.tre",0.4,0.6,0.6,0.6
"iteration86.tre",1,0.4,0.8,0.4
"iteration87.tre",0.5,0.8,1,1.2
"iteration88.tre",0.4,0.5,1,1.2
"iteration89.tre",0.5,0.5,0.5,0.6
"iteration90.tre",0.5,0.4,1,1.2
"iteration91.tre",0.4,0.25,0.4,0.6
"iteration92.tre",0.4,0.4,0.4,1.2
"iteration93.tre",0.4,0.2,0.4,0.4
"iteration94.tre",1,0.4,1,0.8
"iteration95.tre",0.8,0.2,0.4,1.8
"iteration96.tre",0.2,0.5,0.4,0.4
"iteration97.tre",0.25,0.4,0.4,0.4
"iteration98.tre",0.2,0.2,1,0.4
"iteration99.tre",0.2,0.5,0.6,0.4
"iteration100.tre",0.2,0.4,0.4,0.8
