"","15","20","30","40"
"iteration1.tre",83.33,50,90,95.83
"iteration2.tre",50,50,85.71,85.71
"iteration3.tre",50,50,50,95.24
"iteration4.tre",50,50,50,50
"iteration5.tre",66.67,83.33,87.5,83.33
"iteration6.tre",50,50,87.5,94.74
"iteration7.tre",50,50,50,85.71
"iteration8.tre",100,50,83.33,88.89
"iteration9.tre",50,50,100,50
"iteration10.tre",50,83.33,85.71,90.91
"iteration11.tre",83.33,50,75,83.33
"iteration12.tre",80,50,50,85.71
"iteration13.tre",50,80,50,50
"iteration14.tre",50,50,50,100
"iteration15.tre",50,83.33,80,87.5
"iteration16.tre",50,90,50,85.71
"iteration17.tre",66.67,83.33,50,85.71
"iteration18.tre",50,50,88.89,100
"iteration19.tre",50,85.71,87.5,85.71
"iteration20.tre",50,80,83.33,87.5
"iteration21.tre",50,50,87.5,96.77
"iteration22.tre",100,100,85.71,100
"iteration23.tre",50,50,95.83,85.71
"iteration24.tre",50,50,93.33,80
"iteration25.tre",83.33,83.33,91.67,87.5
"iteration26.tre",50,85.71,50,50
"iteration27.tre",50,50,83.33,50
"iteration28.tre",50,50,50,96.97
"iteration29.tre",50,50,87.5,95.83
"iteration30.tre",50,66.67,87.5,85.71
"iteration31.tre",50,85.71,93.33,100
"iteration32.tre",50,83.33,85.71,85.71
"iteration33.tre",50,50,50,96.3
"iteration34.tre",50,50,50,50
"iteration35.tre",50,50,85.71,95.24
"iteration36.tre",50,50,50,50
"iteration37.tre",50,50,50,85.71
"iteration38.tre",50,50,83.33,94.44
"iteration39.tre",85.71,83.33,85.71,50
"iteration40.tre",50,85.71,50,80
"iteration41.tre",50,50,85.71,85.71
"iteration42.tre",50,80,100,87.5
"iteration43.tre",50,50,90,96.77
"iteration44.tre",50,80,91.67,87.5
"iteration45.tre",83.33,50,85.71,100
"iteration46.tre",85.71,80,92.31,50
"iteration47.tre",50,50,50,85.71
"iteration48.tre",75,50,50,87.5
"iteration49.tre",50,50,85.71,96.67
"iteration50.tre",50,50,50,87.5
"iteration51.tre",50,87.5,85.71,87.5
"iteration52.tre",50,50,50,85.71
"iteration53.tre",50,50,50,90
"iteration54.tre",50,50,50,85.71
"iteration55.tre",50,50,100,95
"iteration56.tre",50,50,100,87.5
"iteration57.tre",50,50,90.91,96.43
"iteration58.tre",83.33,50,90.48,50
"iteration59.tre",50,50,90.91,88.89
"iteration60.tre",80,83.33,94.44,90.91
"iteration61.tre",50,85.71,93.33,100
"iteration62.tre",50,50,50,83.33
"iteration63.tre",50,66.67,50,87.5
"iteration64.tre",50,50,85.71,100
"iteration65.tre",75,66.67,87.5,87.5
"iteration66.tre",50,50,83.33,80
"iteration67.tre",50,100,85.71,87.5
"iteration68.tre",50,50,66.67,95
"iteration69.tre",83.33,85.71,50,83.33
"iteration70.tre",66.67,83.33,50,95.45
"iteration71.tre",50,50,50,80
"iteration72.tre",50,50,93.75,85.71
"iteration73.tre",85.71,85.71,50,87.5
"iteration74.tre",80,50,50,50
"iteration75.tre",50,50,50,100
"iteration76.tre",66.67,83.33,85.71,92.86
"iteration77.tre",83.33,50,83.33,95.45
"iteration78.tre",83.33,50,80,88.89
"iteration79.tre",50,50,50,96.97
"iteration80.tre",50,50,95,50
"iteration81.tre",50,50,50,87.5
"iteration82.tre",50,50,85.71,50
"iteration83.tre",50,87.5,66.67,83.33
"iteration84.tre",85.71,50,75,50
"iteration85.tre",50,85.71,85.71,83.33
"iteration86.tre",75,50,87.5,50
"iteration87.tre",50,85.71,87.5,97.22
"iteration88.tre",50,50,85.71,100
"iteration89.tre",50,50,50,96.55
"iteration90.tre",50,80,100,88.89
"iteration91.tre",50,50,50,83.33
"iteration92.tre",80,50,50,88.89
"iteration93.tre",50,50,80,50
"iteration94.tre",100,50,87.5,85.71
"iteration95.tre",100,50,50,96
"iteration96.tre",50,50,50,50
"iteration97.tre",50,50,83.33,80
"iteration98.tre",90,50,85.71,50
"iteration99.tre",50,50,85.71,50
"iteration100.tre",50,80,50,85.71
