"","15","20","30","40"
"iteration1.tre",0,0,50,75
"iteration2.tre",50,50,75,75
"iteration3.tre",0,50,50,66.67
"iteration4.tre",0,50,50,50
"iteration5.tre",50,66.67,75,66.67
"iteration6.tre",0,50,75,80
"iteration7.tre",50,50,50,80
"iteration8.tre",100,50,66.67,87.5
"iteration9.tre",0,50,100,50
"iteration10.tre",50,66.67,75,50
"iteration11.tre",50,50,66.67,50
"iteration12.tre",50,50,0,66.67
"iteration13.tre",50,50,50,50
"iteration14.tre",50,50,50,100
"iteration15.tre",50,66.67,66.67,66.67
"iteration16.tre",50,50,50,66.67
"iteration17.tre",50,50,50,66.67
"iteration18.tre",50,50,83.33,100
"iteration19.tre",0,66.67,75,75
"iteration20.tre",50,50,66.67,75
"iteration21.tre",50,0,80,66.67
"iteration22.tre",100,100,75,100
"iteration23.tre",50,50,80,75
"iteration24.tre",0,50,85.71,50
"iteration25.tre",66.67,66.67,80,75
"iteration26.tre",0,50,50,50
"iteration27.tre",50,50,66.67,0
"iteration28.tre",50,0,50,83.33
"iteration29.tre",50,50,80,75
"iteration30.tre",50,50,80,75
"iteration31.tre",50,75,75,100
"iteration32.tre",0,66.67,66.67,75
"iteration33.tre",50,50,50,83.33
"iteration34.tre",50,0,50,50
"iteration35.tre",50,50,75,75
"iteration36.tre",50,50,50,50
"iteration37.tre",0,50,50,75
"iteration38.tre",50,50,50,85.71
"iteration39.tre",75,75,66.67,50
"iteration40.tre",50,66.67,50,50
"iteration41.tre",0,50,75,75
"iteration42.tre",0,50,100,80
"iteration43.tre",0,50,75,75
"iteration44.tre",0,50,83.33,80
"iteration45.tre",66.67,50,75,100
"iteration46.tre",66.67,0,0,50
"iteration47.tre",50,50,50,75
"iteration48.tre",66.67,50,50,80
"iteration49.tre",50,50,75,75
"iteration50.tre",50,50,0,75
"iteration51.tre",0,50,80,80
"iteration52.tre",50,50,0,66.67
"iteration53.tre",50,50,50,85.71
"iteration54.tre",50,0,50,75
"iteration55.tre",0,50,100,75
"iteration56.tre",50,50,100,80
"iteration57.tre",50,50,83.33,80
"iteration58.tre",50,0,66.67,50
"iteration59.tre",0,50,80,83.33
"iteration60.tre",50,50,50,80
"iteration61.tre",50,75,80,100
"iteration62.tre",0,50,50,66.67
"iteration63.tre",50,50,50,80
"iteration64.tre",50,0,75,100
"iteration65.tre",66.67,50,66.67,80
"iteration66.tre",50,0,66.67,66.67
"iteration67.tre",0,100,66.67,80
"iteration68.tre",50,0,50,80
"iteration69.tre",50,66.67,50,50
"iteration70.tre",50,50,50,83.33
"iteration71.tre",0,0,50,50
"iteration72.tre",50,50,80,50
"iteration73.tre",75,75,50,75
"iteration74.tre",50,50,0,50
"iteration75.tre",50,50,0,100
"iteration76.tre",50,66.67,80,66.67
"iteration77.tre",66.67,50,66.67,85.71
"iteration78.tre",50,50,80,83.33
"iteration79.tre",50,50,50,75
"iteration80.tre",0,50,50,50
"iteration81.tre",50,50,50,80
"iteration82.tre",50,50,75,0
"iteration83.tre",50,80,50,66.67
"iteration84.tre",66.67,50,0,50
"iteration85.tre",50,66.67,66.67,66.67
"iteration86.tre",66.67,50,75,50
"iteration87.tre",50,75,80,83.33
"iteration88.tre",50,50,75,100
"iteration89.tre",50,50,50,66.67
"iteration90.tre",50,50,100,83.33
"iteration91.tre",50,0,50,66.67
"iteration92.tre",50,50,50,83.33
"iteration93.tre",50,0,50,50
"iteration94.tre",100,50,80,75
"iteration95.tre",100,0,50,88.89
"iteration96.tre",0,50,50,50
"iteration97.tre",0,50,50,50
"iteration98.tre",0,0,75,50
"iteration99.tre",0,50,66.67,50
"iteration100.tre",0,50,50,75
